Mouse_ID,Sex,Eotaxin,G-CSF,GM-CSF,IFNg,IL-10,IL-12p40,IL-12p70,IL-13,IL-17a,IL-1b,IL-2,IL-3,IL-4,IL-5,IL-6,IL-9,IL-1a,KC,MCP-1,MIP-1b,MIP-1a,RANTES,TNF-a,Day.x,Severity,NK Cells,T-Cells,CD4 T-Cells,Effector CD4 T-Cells,Tregs,Th-1,Th-17,CD8 T-Cells,Effector CD8 T-Cells,CD11b CCR2,CCR2 Ly6cHi,CCR2 Ly6cLo,Neutrophils,Interstitial Macrophages,Alveolar Macrophages,DCs,Day_0_BW
1,Male,19038.76221,157.980456,284.0390879,243.3224756,92.83387622,948.534202,1323.778502,1309.771987,142.019544,52.11726384,95.1140065,74.267101,37.1335505,39.7394137,54.723127,352.4429967,306.1889251,787.9478827,6903.583062,2676.872964,313.029316,12180.78176,379.1530945,0,mild,3.607827337,22.15456274,8.421621325,0,0.238079977,0.059519994,0.690431932,8.485414549,3.05E-04,14.52364676,7.367289716,7.000990689,6.770317349,13.4108581,0.250414006,0.985936603,12.7
2,Male,23462.54682,181.6479401,239.7003745,216.8539326,106.741573,1052.434457,1239.700375,1199.250936,207.4906367,59.92509363,45.6928839,71.1610487,28.0898876,30.33707865,68.164794,277.5280899,336.329588,740.0749064,4004.868914,597.3782772,208.988764,8441.947566,435.9550562,0,mild,7.01084821,14.36918083,2.616895874,0,0.07619373,0.033142564,0.270607329,10.48056718,0,8.747650695,6.093662204,2.59634574,9.404003023,6.638119781,0.342950146,0.316308539,12.5
3,Male,20200.6689,162.2073579,358.8628763,384.2809365,95.31772575,2328.428094,1526.755853,1990.635452,229.09699,53.51170569,181.6053512,93.9799331,27.4247492,79.9331104,87.9598662,438.1270903,452.5083612,833.4448161,5150.83612,1475.250836,286.9565217,8980.267559,615.3846154,0,mild,4.139667175,20.38237014,5.397795695,0,0.191529137,0.060784696,0.853852947,11.30308626,0,8.320283313,5.762991167,2.499974412,10.40368062,6.18570946,0.592624436,0.805007114,14.4
4,Male,15982.9932,164.9659864,296.5986395,312.9251701,96.93877551,691.8367347,1616.666667,1229.591837,215.3061224,54.42176871,114.9659864,73.1292517,30.6122449,41.4965986,65.9863946,321.4285714,488.4353741,2437.07483,6336.394558,1175.510204,214.6258503,5570.748299,433.6734694,0,mild,5.198233413,22.34529672,6.422661049,0.00101528,0.154322554,0.098482156,0.912736687,12.03106757,0.00203056,7.386727156,4.251730355,3.050660152,19.51957192,5.56621881,0.982958181,0.721223754,13.3
5,Male,20593.80165,100.2066116,293.8016529,234.7107438,58.88429752,1238.016529,969.0082645,912.8099174,130.785124,33.05785124,139.4628099,60.7438017,21.9008264,49.3801653,63.4297521,289.6694215,276.6528926,475.2066116,6562.190083,1920.454545,312.8099174,10845.66116,500.2066116,0,mild,1.915818369,20.5110517,2.01983015,0,0.081136338,0.048252888,0.198372984,14.11843761,0,8.846411835,4.276503415,4.481841288,7.232912467,7.54411342,0.256444187,0.767507335,16.6
6,Male,13697.5,121.25,109,162.5,71.25,880,953.25,585.5,124.25,40,30.5,53.75,11,20.25,62,208,316,722.75,4461.5,652.75,211.25,8454,374.5,0,severe,3.557898152,23.48308209,5.629017944,0,0.180042052,0.120240098,0.458057518,13.32279377,0,11.99687041,6.539641995,5.312829895,9.136514128,9.69426059,0.399540916,0.460234317,16.43
7,Male,20525.7732,166.6666667,219.9312715,206.8728522,97.93814433,1688.659794,964.604811,1100.343643,181.443299,54.98281787,41.92439863,101.0309278,12.71477663,41.9243986,40.2061856,215.4639175,374.9140893,719.5876289,8072.852234,548.1099656,407.9037801,15405.84192,514.7766323,0,severe,4.274988325,30.28056856,8.385922475,0,0.089810679,0.082625825,0.934031063,10.25997198,0,7.287407124,2.961596687,4.2462023,6.62487602,7.760705772,0.38020498,1.298961179,15.9
8,Male,20272.06349,153.968254,138.4126984,356.5079365,90.47619048,1101.587302,1130.793651,1526.984127,206.031746,50.79365079,283.1746032,93.3333333,15.2380952,63.4920635,50.4761905,372.3809524,479.6825397,430.1587302,4673.333333,506.3492063,204.1269841,10013.33333,475.5555556,0,severe,2.641491638,22.16294602,10.55594527,0,0.310070208,0.090781011,1.230259551,9.091659347,5.89E-04,5.714563519,1.095180851,4.507124421,12.41735318,4.477954955,0.494113071,1.107555776,13.41
9,Male,26482.55034,162.7516779,169.4630872,359.7315436,95.63758389,576.5100671,1405.704698,1349.328859,222.8187919,53.69127517,208.0536913,72.147651,12.41610738,93.2885906,59.3959732,340.2684564,430.8724832,608.3892617,7062.751678,535.2348993,259.0604027,8029.194631,502.6845638,0,severe,3.915766203,24.36322017,5.57467938,0,0.156230281,0.063971731,0.848169408,14.81620095,0.001740727,11.29164975,8.865865909,2.363803458,5.873709633,10.57780675,0.35852444,0.033661758,12.25
10,Male,20698.97959,123.7244898,319.8979592,482.6530612,86.7346939,1076.785714,1833.928571,1799.744898,191.0714286,41.0714286,501.5306122,68.3673469,27.0408163,120.4081633,131.6326531,708.4183673,485.2040816,579.3367347,5444.132653,1601.020408,249.4897959,7562.5,738.5204082,0,mild,2.393152574,25.44921875,8.422564338,5.74E-04,0.183823529,0.094784007,0.959903493,12.0513557,0,10.50220299,8.514153702,1.932974617,8.259250595,8.812921589,0.330448006,0.50639451,12.43
11,Male,27384.50704,170.7746479,377.8169014,533.4507042,232.3943662,953.5211268,1761.619718,3230.28169,309.1549296,64.7887324,425.3521127,132.0422535,34.5070423,179.5774648,124.2957746,678.8732394,461.971831,960.915493,5303.521127,2678.169014,315.8450704,8557.746479,935.5633803,0,severe,3.432714976,27.59269402,9.44324054,0.002976687,0.41733146,0.117281452,0.941823637,10.1635987,0,9.294873102,5.828152074,3.345632453,10.16491693,10.16450922,0.321272042,0.876567119,9.58
12,Male,16983.46457,190.9448819,251.9685039,200,112.2047244,944.488189,1105.11811,1260.629921,232.6771654,62.99212598,86.6141732,84.6456693,23.2283465,32.2834646,62.5984252,264.5669291,467.7165354,335.4330709,6129.527559,627.9527559,197.6377953,6920.472441,458.2677165,0,mild,1.627803311,34.24996541,11.2731912,0.001537114,0.501099036,0.142951566,3.629125229,20.08853774,0,6.137695681,3.745503635,2.32930582,4.36681955,5.905435885,0.217167101,0.035216287,10.66
13,Male,20791.17647,237.745098,213.7254902,203.9215686,139.7058824,1427.45098,1066.666667,1148.039216,253.9215686,78.43137255,59.80392157,93.1372549,44.1176471,39.70588235,40.1960784,240.6862745,548.5294118,773.0392157,4442.156863,781.8627451,372.0588235,13324.01961,463.7254902,0,severe,2.753345735,20.18367679,5.471473207,0,0.143582149,0.130939695,0.632122668,9.018584406,9.03E-04,15.32958428,8.265233485,6.842255125,11.56748292,13.64179954,0.219960137,1.217255125,12.36
14,Male,11953.77049,159.0163934,319.6721311,143.9344262,93.44262295,580.6557377,1002.95082,910.8196721,207.5409836,52.45901639,40,79.0163934,12.13114754,26.55737705,46.2295082,190.8196721,376.0655738,473.442623,3309.836066,522.9508197,239.0163934,6265.245902,418.0327869,0,mild,3.898536088,31.81876121,5.725239491,9.81E-04,0.220616353,0.142174983,0.654985439,20.30650965,0,4.00968744,0.820782356,3.119709082,12.38093135,3.50028709,0.38941154,0.286353665,12.43
15,Male,8332.786885,159.0163934,142.9508197,121.6393443,93.44262295,1170.819672,1105.901639,910.8196721,183.6065574,52.45901639,40,62.295082,12.13114754,26.55737705,60.3278689,160.9836066,299.0163934,550.8196721,4713.442623,522.9508197,156.3934426,4755.409836,345.5737705,0,severe,6.000929641,29.33967007,8.100211541,0,0.2580229,0.086323838,0.564425093,15.7412941,0,8.077352495,5.601042054,2.404740775,9.865162749,6.147834302,0.521742865,0.678480433,11.7
16,Male,26366.66667,221.4611872,721.4611872,352.5114155,133.7899543,1047.945205,1626.484018,1650.684932,289.0410959,73.05936073,55.70776256,86.7579909,48.4018265,118.2648402,191.7808219,410.9589041,447.9452055,881.7351598,10142.46575,1192.237443,210.0456621,16734.7032,735.6164384,3,severe,0.473818035,29.85898049,7.281785684,0.013135549,0.229872116,0.685863334,1.179384693,10.24479035,0.001876507,9.225143109,7.173375722,2.003987761,10.65577536,8.208907225,0.25543723,11.63525769,11
17,Male,6737.614679,222.4770642,200,40.36697248,130.733945,933.0275229,118.3486239,734.4036697,23.85321101,73.39449541,55.96330275,63.7614679,16.97247706,37.1559633,311.4678899,185.3211009,118.8073394,878.8990826,19303.66972,731.6513761,115.1376147,4049.541284,192.2018349,3,mild,1.014985969,27.89287586,5.324364307,0.001326779,0.141965358,0.26336564,0.686608156,8.455562853,0.003316948,12.91713755,9.298156736,3.544288999,14.48761415,6.283205383,0.474130652,16.64913033,11.7
18,Male,28481.96721,275.0819672,411.147541,479.3442623,474.4262295,8810.163934,2173.114754,1703.606557,259.6721311,90.1639344,122.295082,87.8688525,63.6065574,242.295082,534.7540984,414.7540984,520.3278689,3883.606557,67624.91803,12054.42623,3387.540984,42338.03279,910.1639344,3,severe,1.550412688,31.46841452,5.033716351,0.03992016,0.190429951,0.227113341,0.338242434,8.339537142,0.026973081,10.72002445,0.021194586,10.68157845,8.125412802,18.90064175,0.201102118,7.704971363,13.1
19,Male,37627.72277,254.4554455,703.960396,543.0693069,326.7326733,4398.019802,3002.970297,2381.188119,461.3861386,79.20792079,246.5346535,185.6435644,67.8217822,156.9306931,457.9207921,671.2871287,778.7128713,2306.930693,38265.34653,7605.445545,1274.257426,43607.92079,1551.980198,3,severe,2.032812602,27.11288319,6.797829924,0.016340937,0.246748153,0.653637493,0.965749395,6.265115367,0.006536375,13.78881988,8.717184265,4.955693582,9.363146998,17.68447205,0.579710145,17.96770186,13.1
20,Male,35275.22124,143.0678466,466.0766962,517.9941003,299.1150442,1882.300885,2359.882006,2027.433628,211.5044248,54.2772861,423.5988201,102.6548673,40.4129794,116.519174,308.259587,798.820059,548.9675516,2417.40413,9332.448378,3461.356932,259.2920354,30623.89381,1140.117994,3,mild,0.9520388,18.94582874,6.362322188,0,0.107777977,0.451641048,0.42084734,5.624128581,0,7.96033152,5.351899801,2.555160495,14.39499994,8.785416073,0.167866302,4.868122747,13
21,Male,21158.16993,158.496732,350.6535948,358.496732,93.1372549,2495.751634,1450.980392,1822.222222,304.5751634,52.2875817,79.7385621,100.3267974,32.0261438,39.869281,137.254902,398.3660131,460.130719,959.1503268,6974.183007,2407.843137,383.0065359,20515.03268,752.9411765,3,mild,1.736916093,23.59481576,9.097588716,0.003690569,0.11776271,0.259346367,0.518692733,7.73140708,3.36E-04,12.05177086,8.137844427,3.836428535,5.369981729,10.4837113,0.617154753,16.4702821,16
22,Male,18605.08475,164.4067797,216.9491525,249.1525424,96.61016949,1363.389831,1462.372881,941.6949153,203.7288136,54.23728814,41.3559322,72.8813559,12.5423729,54.5762712,128.1355932,266.440678,379.3220339,820,6933.559322,1845.084746,229.8305085,8643.050847,469.8305085,3,mild,7.365019476,20.96316093,10.32961274,3.49E-04,0.115635208,0.304634142,0.638963126,8.743209488,3.49E-04,10.12443393,7.527640651,2.536412223,14.90555261,9.163232834,0.760882869,9.001672718,15.9
23,Male,16611.84834,229.8578199,413.2701422,412.3222749,138.8625592,3482.464455,1985.308057,1316.587678,370.1421801,75.82938389,57.81990521,114.2180095,17.53554502,113.2701422,206.6350711,394.3127962,575.8293839,2278.672986,26661.13744,3259.241706,836.9668246,21996.20853,709.9526066,3,severe,1.385313156,31.83871773,5.862408079,0.061060635,0.196098578,0.294441427,0.712178368,6.812957771,0.066051168,15.90441817,12.89970529,2.933181824,14.47216216,21.71478322,0.5203373,18.10307829,12
24,Male,32085.55957,253.7906137,452.7075812,604.6931408,139.7111913,3962.093863,2415.162455,2282.67148,328.5198556,68.9530686,298.5559567,106.1371841,49.4584838,135.3790614,470.3971119,696.0288809,523.1046931,2363.176895,20133.213,6692.057762,1061.01083,20241.51625,959.2057762,3,severe,1.608759392,35.17304445,8.365065004,0.018869659,0.295140821,0.406423425,0.712208669,12.37801249,0.031449432,11.50488105,9.568326166,1.866299526,15.81142103,11.04708809,0.490654338,7.191542162,13.9
25,Male,52792.69103,170.7641196,667.1096346,761.461794,466.4451827,2728.903654,2844.186047,3998.006645,400.3322259,101.6611296,693.0232558,218.2724252,29.9003322,264.4518272,341.1960133,1152.159468,791.3621262,2115.946844,12566.11296,4950.166113,541.8604651,52298.00664,1991.694352,3,mild,5.11818746,11.66697214,5.270604427,3.22E-04,0.047911662,0.079102476,0.459823338,4.773802289,3.22E-04,7.668663862,4.346732957,3.257128288,9.01075086,9.860621255,0.430246887,11.10568138,16.7
26,Male,38163.19613,1675.060533,502.1791768,461.5012107,308.716707,7160.290557,2072.881356,1350.121065,181.3559322,81.3559322,310.1694915,84.2615012,38.9830508,132.9297821,947.6997579,572.3970944,483.7772397,12468.28087,55752.54237,8129.297821,1792.736077,31318.15981,1085.230024,3,severe,3.194395797,26.85008757,4.125218914,0.030297723,0.131873905,0.150963222,0.643957968,5.745709282,0.035201401,22.63094688,21.17182448,1.381986143,26.55842956,10.76812933,0.153117783,16.58429561,16.8
27,Male,40536.61417,190.9448819,458.6614173,606.6929134,112.2047244,1544.094488,2240.551181,3199.606299,311.8110236,62.99212598,471.6535433,105.511811,51.1811024,246.0629921,209.4488189,786.2204724,616.5354331,1056.692913,15026.37795,2292.519685,277.5590551,10892.91339,1092.913386,3,mild,2.039575624,17.17365075,3.107687224,9.35E-04,0.068900369,0.112859428,0.319560534,10.47316783,3.12E-04,9.136733876,6.781851477,2.314346756,6.71365622,8.288346718,0.463060107,8.33269748,19.9
28,Male,42207.11744,182.9181495,446.2633452,510.6761566,234.8754448,2580.782918,2025.266904,1572.241993,327.7580071,59.7864769,216.7259786,133.4519573,46.2633452,112.8113879,229.5373665,547.6868327,545.1957295,4644.483986,27688.6121,6416.725979,1184.341637,29793.95018,903.5587189,3,mild,0.971892549,29.38111504,6.466739999,0.010131419,0.282956059,0.58472761,0.715712383,4.457100677,0.015920801,11.75253733,10.14286638,1.559801631,26.62375442,17.07377889,0.178236658,14.86659956,12.2
29,Male,25805.80645,156.4516129,314.516129,592.9032258,94.516129,1806.774194,1835.806452,2275.806452,318.0645161,59.3548387,382.9032258,112.2580645,29.0322581,139.6774194,176.7741935,592.2580645,529.6774194,741.9354839,12895.80645,2998.387097,453.5483871,9094.516129,819.0322581,3,severe,2.985037515,23.69629947,5.943345206,0.004351367,0.134270742,0.264811741,0.64524551,12.45423295,0.002486495,10.81805276,7.507393825,3.241452739,11.8023187,9.299656927,0.406364604,13.70460192,11.9
31,Male,28872.75862,167.2413793,596.2068966,863.1034483,557.5862069,2467.586207,3037.931034,5203.103448,354.8275862,102.7586207,761.0344828,216.5517241,64.137931,346.5517241,382.4137931,1259.655172,873.1034483,1495.172414,9639.655172,3771.37931,530.3448276,23195.51724,2067.241379,4,severe,5.401790424,16.63865989,6.593522523,0.001130318,0.128102723,0.13601495,0.225686857,6.467680436,0.002637409,11.42799022,9.605178558,1.737810083,16.50556324,13.59226122,1.273207429,1.956126107,16.4
32,Male,45339.72603,132.8767123,766.0273973,740.2739726,337.5342466,4552.60274,2686.849315,3520.547945,240.5479452,75.3424658,555.0684932,140.8219178,61.9178082,490.9589041,392.6027397,887.1232877,1056.164384,2527.39726,21176.9863,7026.575342,1247.945205,31349.86301,1399.452055,4,severe,8.60816,15.69632,1.77424,0.00784,0.04608,0.0496,0.06112,11.94304,0.23472,15.41071429,13.20285714,2.084464286,20.27178571,6.851964286,0.167321429,3.729107143,16.4
33,Male,45004.57516,158.496732,516.3398693,591.503268,345.751634,3926.470588,2573.529412,2884.96732,216.9934641,84.9673203,374.5098039,163.3986928,39.869281,154.248366,399.6732026,742.4836601,540.8496732,14955.88235,28636.60131,4953.594771,779.4117647,41852.94118,1424.183007,4,severe,0.925010181,26.10244924,3.854693893,0.015028991,0.173075804,0.166288518,0.115868676,3.190509434,0.19004402,15.04177887,13.31593412,1.649002084,40.2067137,13.18855529,0.674969367,0.278987338,13.6
34,Male,19960.36036,109.2342342,262.3873874,335.1351351,107.8828829,2022.297297,1675.45045,995.045045,154.2792793,36.03603604,132.2072072,72.2972973,30.8558559,62.6126126,289.4144144,382.6576577,341.8918919,1155.855856,7754.954955,2062.162162,152.027027,8474.324324,815.3153153,4,mild,2.764798383,20.52117264,8.383129282,0.003369651,0.060653712,0.186454004,0.134786027,9.832640683,0.001684825,15.91256067,10.68208425,5.126414591,13.83817015,9.386788255,2.244860235,0.393654967,18.3
35,Male,11725.75453,7334.406439,1231.187123,650.7042254,886.3179074,23050.30181,3955.533199,1845.875252,152.917505,243.6619718,187.9275654,167.4044266,63.7826962,565.7947686,15713.07847,595.9758551,793.360161,15694.16499,339324.3461,91548.08853,14008.2495,168455.5332,1688.933602,4,severe,4.013101087,25.55247879,4.139347923,0.017865118,0.111954742,0.114932261,0.323358642,8.576447819,0.151853506,11.80709819,10.34405962,1.423064843,16.12654541,6.675613168,2.08548668,0.551066442,16.3
36,Male,28968.39623,4154.481132,672.6415094,718.3962264,618.1603774,10038.4434,3576.650943,2915.330189,196.9339623,114.8584906,607.0754717,185.8490566,51.4150943,325.7075472,1982.075472,916.0377358,427.5943396,7841.981132,60297.87736,10090.80189,2225,50145.75472,2229.245283,4,severe,0.615240625,42.23103868,7.645775554,0.057807844,0.379536023,0.272866787,0.386762004,7.8546408,0.570508365,12.6744916,11.10544638,1.497517454,20.58363612,13.84594898,0.641847547,2.065934902,11.6
37,Male,94029.23077,8181.230769,1215.384615,950.4615385,1721.230769,58931.69231,5530.153846,3652,224,284.6153846,448.3076923,193.2307692,97.5384615,859.6923077,2895.076923,1436.923077,1589.538462,15637.84615,218900.3077,48806.46154,16693.23077,125899.0769,1962.769231,4,severe,2.299018657,27.03222504,3.176727522,0.059446417,0.252726747,0.148457095,0.201227712,7.154233252,0.389103821,19.99477436,18.44650253,1.429635724,31.75140086,13.17213887,0.694162468,1.387265685,13.8
38,Male,51635.06494,209.95671,748.4848485,1047.186147,401.2987013,4031.601732,3328.138528,4995.238095,441.1255411,119.047619,710.8225108,210.3896104,59.3073593,319.9134199,462.7705628,1541.558442,888.7445887,1634.632035,15316.45022,5967.532468,623.3766234,33359.30736,2048.484848,4,mild,7.999910357,12.20006873,4.808238212,0.001867567,0.036230801,0.053038905,0.074702683,6.136825435,0.001494054,7.4802193,3.705209028,3.696373428,6.866145072,16.36397372,1.367750942,1.955760149,17.5
39,Male,24170.36145,116.8674699,451.0843373,569.1566265,338.313253,1279.036145,1747.46988,3252.289157,201.2048193,66.2650602,622.6506024,120.4819277,21.686747,187.2289157,240.9638554,813.4939759,712.0481928,668.1927711,5317.590361,2497.590361,142.6506024,11471.80723,1230.843373,4,mild,6.172048552,16.49732937,4.442231492,0.005571069,0.045264939,0.083566042,0.086351576,6.245168838,0.036211951,11.38796523,8.899924163,2.383765022,15.80037335,11.88528176,1.949159958,0.490024501,14.9
40,Male,32203.06122,2603.741497,682.9931973,865.6462585,521.0884354,14222.10884,3441.496599,3353.741497,313.2653061,114.2857143,885.7142857,184.3537415,25.5102041,367.3469388,914.2857143,1211.22449,1151.360544,5530.272109,96272.10884,17115.30612,8636.054422,98736.73469,1652.040816,4,severe,1.832246053,32.27265003,5.256625269,0.005171662,0.107127289,0.17362009,0.289613086,14.51981116,0.031768782,9.321300007,7.491679685,1.750662229,27.01300686,8.496909597,1.380493106,0.820994363,15.3
41,Male,2860.614525,135.4748603,121.7877095,24.58100559,79.60893855,1095.530726,72.06703911,447.2067039,14.52513966,44.69273743,255.027933,12.5698324,10.33519553,120.9497207,11.45251397,112.849162,84.0782123,44.41340782,3203.631285,445.5307263,60.6145251,871.5083799,117.0391061,4,mild,1.592252832,34.11788059,8.054133761,0.013469637,0.189992769,0.280735584,0.46363907,13.00954217,0.087907102,7.88957228,4.931686934,2.880886427,20.37560449,4.806798441,3.38325743,2.341893986,11.4
42,Male,32181.29496,174.4604317,944.9640288,961.5107914,733.4532374,4169.064748,4155.035971,6101.079137,511.5107914,161.8705036,1021.942446,440.2877698,41.0071942,334.1726619,507.1942446,1264.028777,1325.539568,1305.035971,7781.654676,3393.165468,291.7266187,23883.45324,3304.316547,4,mild,1.014304291,33.59341136,7.750325098,0,0.104031209,0.156046814,0.329432163,15.9254443,0.043346337,8.499095841,4.648318682,3.743114279,16.93547544,7.172647357,2.463702976,2.973795064,14.9
43,Male,217582.8402,77860.35503,4231.360947,2026.035503,3681.656805,72320.71006,16491.12426,8928.402367,551.4792899,1196.449704,565.6804734,536.0946746,352.6627219,3662.721893,19707.10059,2735.502959,4872.189349,145769.8225,1255317.16,426111.8343,76085.2071,259797.6331,7144.970414,4,mild,1.225714877,19.33544273,3.980246622,0.005914185,0.025628136,0.068998827,0.206996481,7.356260658,0.047313481,13.15220319,10.42790569,2.560252026,39.9944502,8.984142271,0.535392199,0.258718487,14.7
44,Male,57217.98246,212.7192982,880.7017544,871.9298246,406.5789474,2133.77193,3918.859649,4023.684211,427.6315789,110.5263158,1202.631579,188.5964912,50,349.122807,254.8245614,1561.842105,1095.614035,1332.45614,12088.59649,5040.350877,474.5614035,25835.96491,2240.350877,4,mild,2.083252662,22.23891578,6.714036786,0.002710552,0.14249758,0.085188771,0.762826718,13.42575024,0.014327202,16.82938765,11.21373223,5.456497674,6.388639463,13.55738943,1.161614002,1.755011094,13.3
45,Male,38068.16609,167.8200692,221.4532872,711.7647059,101.384083,2609.342561,1947.404844,3054.67128,275.7785467,58.1314879,532.5259516,163.3217993,12.80276817,149.8269896,180.2768166,865.7439446,812.1107266,1082.00692,7735.640138,2604.49827,344.6366782,17535.64014,1294.809689,4,mild,2.582147544,22.49740542,7.55002616,0.004717426,0.155246207,0.15481735,0.649289384,9.595244834,0.012436851,9.868657698,6.969466512,2.820570794,11.77815689,13.13166089,0.735331901,0.49741529,14.8
46,Male,36837.80161,2312.064343,808.0428954,500,569.1689008,12040.75067,2796.246649,1545.576408,213.6729223,94.1018767,175.0670241,119.0348525,34.8525469,208.310992,982.0375335,510.7238606,806.9705094,4792.761394,60571.31367,27826.00536,7013.941019,144023.3244,937.8016086,5,severe,0.769494949,25.88464646,4.357575758,0.09959596,0.198989899,0.130707071,0.113939394,5.418383838,0.055757576,9.828224645,9.534046492,0.276349174,15.0538298,8.069670164,0.286635123,0.123774258,12.1
47,Male,30714.67066,145.2095808,517.6646707,898.8023952,303.5928144,1750.299401,3010.778443,3944.311377,272.4550898,84.7305389,985.3293413,128.742515,17.6646707,300.8982036,266.4670659,1287.125749,1172.45509,1068.562874,5944.311377,3103.293413,408.6826347,36795.80838,1604.790419,5,mild,5.133442011,17.3574547,6.367616656,0,0.025295584,0.031541407,0.269194976,7.937192003,0,14.04320676,8.271931775,5.622537033,4.823474729,10.20552513,0.549279551,1.579128185,13.8
48,Male,18182.61965,122.1662469,435.5163728,666.2468514,266.4987406,1607.304786,2187.90932,2738.790932,215.6171285,61.7128463,636.0201511,136.5239295,20.6549118,186.1460957,283.8790932,949.1183879,801.0075567,847.1032746,6267.002519,4219.899244,653.9042821,52767.00252,1160.453401,5,mild,1.540025212,17.16689951,3.666897718,0.002514034,0.066801467,0.08942777,0.471560892,9.384887784,0.005028067,11.30423733,6.95220962,4.219611043,5.185316462,7.722968274,0.935945107,1.87523407,14
49,Male,31223.25581,5374.127907,1200.872093,1511.627907,9773.837209,45914.24419,5714.825581,3450.290698,252.0348837,382.5581395,545.0581395,285.1744186,104.3604651,747.6744186,6513.081395,1075.290698,962.2093023,11368.31395,736449.7093,316591.8605,105916.5698,811635.7558,2922.093023,5,severe,0.504020979,39.88951049,4.712237762,0.092832168,0.27972028,0.151223776,0.328321678,8.814160839,0.070804196,19.65823702,0.241320073,19.30589803,6.821236166,23.63329866,0.234308352,0.150752007,11.8
50,Male,25518.07229,194.7791165,175.1004016,915.2610442,114.4578313,2445.381526,2611.646586,3891.164659,41.7670683,73.8955823,405.2208835,96.7871486,36.1445783,464.2570281,285.1405622,1115.261044,780.3212851,2806.425703,14019.27711,5666.26506,1625.301205,33848.59438,995.9839357,5,severe,1.904567308,21.03028846,2.926442308,0.038942308,0.083653846,0.065625,0.269471154,8.5125,0.075480769,10.9997807,10.28267544,0.650657895,16.20789474,4.61622807,0.22127193,4.485526316,7.3
51,Male,48103.67647,6082.352941,802.6960784,767.8921569,662.5,11422.79412,3167.156863,3069.852941,224.2647059,137.9901961,466.9117647,167.8921569,65.4411765,466.6666667,1812.009804,1224.019608,690.9313725,7169.117647,90386.76471,21677.69608,7131.127451,113268.8725,1563.480392,5,severe,0.440542468,26.36435823,4.319290108,0.009420969,0.137725599,0.057871668,0.234178379,8.064798324,0.008075117,11.62892056,10.10880022,1.452618487,14.04251022,9.531579703,0.339635277,0.633029132,9.1
52,Male,38893.93939,133.6088154,295.5922865,612.3966942,243.2506887,2709.917355,2444.077135,2141.322314,209.3663912,63.0853994,701.1019284,88.4297521,33.6088154,98.0716253,201.9283747,974.3801653,836.6391185,893.9393939,6355.096419,2801.652893,268.8705234,16009.36639,1064.738292,5,mild,1.22204651,22.37850496,5.676864749,0.004054903,0.072481398,0.064371591,0.206800073,12.89763396,0,10.75318162,7.851412369,2.801793016,7.147481336,8.357849364,0.911258799,2.050332298,13
53,Male,918.9922481,187.9844961,168.9922481,76.3565891,110.4651163,249.6124031,100,907.751938,20.15503876,62.01550388,47.28682171,17.44186047,14.34108527,31.39534884,15.89147287,156.5891473,20.15503876,157.751938,568.9922481,618.2170543,33.3333333,2536.434109,162.4031008,5,mild,1.466520084,18.10878956,3.956527194,0.002091188,0.033757745,0.023600547,0.190298084,12.6161356,0.002987411,6.631513466,3.990430982,2.570525586,4.685980052,9.396592394,0.662566852,0.159066144,11.3
54,Male,43930.50193,187.2586873,667.5675676,869.1119691,657.1428571,6307.335907,3401.544402,4455.212355,435.5212355,109.2664093,530.8880309,198.4555985,59.0733591,255.984556,412.7413127,1072.200772,638.996139,4255.212355,19264.47876,8271.042471,1264.478764,103483.7838,1972.200772,5,mild,0.523843931,20.80965909,3.111452312,0.002463216,0.071843799,0.04310628,0.091549527,8.392587362,0.001642144,10.08620632,9.397627484,0.640351524,12.82779501,8.017790519,0.491650647,0.159418057,11.5
55,Male,34690.49587,200.4132231,518.1818182,815.7024793,364.8760331,2596.694215,2893.38843,3933.057851,411.9834711,104.1322314,614.8760331,200.8264463,53.7190083,273.9669421,215.2892562,1033.884298,763.2231405,1401.652893,12713.22314,6369.421488,1041.735537,102423.5537,1597.107438,5,mild,1.360721691,15.25285257,4.347169397,0.010984635,0.055266446,0.090623241,0.257795658,7.693020637,0.006522127,7.175063788,6.51624205,0.615788872,6.340302373,6.387524277,0.522487528,0.140904071,11.3
56,Male,41847.51958,4665.274151,488.772846,451.4360313,172.3237598,4655.874674,2462.924282,2213.83812,163.7075718,77.8067885,255.0913838,105.2219321,19.5822454,222.7154047,1487.467363,665.2741514,573.6292428,6993.994778,40867.88512,10869.97389,2218.276762,60409.39948,1041.253264,5,severe,1.308444939,29.13385531,3.332193158,0.020673505,0.108253991,0.098481061,0.274393796,8.930578369,0.054126995,13.29558586,11.89045528,1.345042755,12.02911948,8.497804483,0.543101456,2.040674832,15.5
57,Male,12133.04348,255.942029,185.5072464,588.115942,82.60869565,1180,74.7826087,2355.652174,62.8985507,53.3333333,292.4637681,132.7536232,10.72463768,170.1449275,11.88405797,366.6666667,176.2318841,5237.391304,60103.76812,9683.768116,808.4057971,99256.52174,735.942029,5,severe,1.099916997,13.64334458,3.702838512,0.007952405,0.126244427,0.034294746,0.218194108,3.139211817,0.004970253,7.095554305,6.445019696,0.619471019,11.35441756,10.0893641,0.616769837,1.091727631,10.3
58,Male,38407.76699,94.17475728,276.1165049,276.1165049,55.33980583,1761.941748,1105.048544,971.4563107,124.8543689,32.6213592,131.0679612,46.7961165,29.7087379,31.2621359,119.8058252,298.8349515,302.7184466,736.1165049,6046.796117,2548.15534,410.4854369,32929.70874,562.1359223,5,mild,1.368323823,18.49876243,4.032596656,0,0.040785807,0.050782328,0.351477686,10.09408726,0,10.27290364,7.251993964,2.905367536,5.224832938,8.532442337,0.578572968,0.179780125,13.6
59,Male,32145.61404,170.1754386,921.754386,606.6666667,100,2747.368421,2084.561404,2851.578947,236.8421053,64.5614035,182.8070175,210.1754386,45.6140351,131.5789474,249.122807,676.4912281,643.5087719,1138.596491,11786.66667,3946.666667,799.2982456,78050.87719,1227.368421,5,mild,0.950897466,7.552842731,1.993262212,0.006339316,0.028979732,0.021734799,0.020829183,3.894151528,9.06E-04,6.37829691,4.561868877,1.730821402,5.343782969,7.549058026,0.619140919,0.951921628,13.3
60,Male,46830.76923,2397.202797,997.2027972,757.6923077,1259.090909,5940.909091,4474.475524,3684.265734,295.4545455,109.4405594,591.6083916,160.1398601,56.2937063,463.2867133,1479.72028,938.8111888,791.958042,9350.699301,95406.99301,33404.54545,9973.076923,138030.7692,1918.181818,5,severe,1.238825758,36.33674242,2.514204545,0.072727273,0.323484848,0.509659091,0.148674242,12.10757576,0.134090909,12.64755868,12.25981045,0.353298731,8.267879289,13.31128566,0.183730651,0.305834979,11.3
62,Male,9687.837838,8450,651.6891892,2038.513514,37138.51351,17864.86486,4495.439189,1722.972973,121.1148649,272.972973,519.5945946,196.2837838,56.4189189,305.9121622,3245.945946,589.6959459,1071.959459,8232.939189,247.972973,409469.9324,8.277027027,547724.6622,2305.236486,8,severe,3.524598898,20.90187886,4.65340045,0.129476379,0.365827277,2.386433717,0.114623727,7.38984014,0.028736653,22.72194685,22.58560452,0.118234367,8.926872222,4.498941927,0.014912443,1.148968201,18
63,Male,17502.47934,106.1983471,221.6942149,195.2479339,79.9586777,3269.008264,1459.504132,573.9669421,105.9917355,33.05785124,25.20661157,58.0578512,28.3057851,25.2066116,170.661157,242.3553719,545.661157,1328.099174,4882.644628,4285.950413,611.7768595,80529.75207,427.6859504,8,severe,1.282098765,14.5308642,4.416255144,0.045473251,0.090534979,0.277777778,0.181893004,6.810082305,0.008847737,9.257555556,7.580666667,1.568888889,6.388,11.39422222,0.255111111,0.152888889,18.2
64,Male,22539.54802,274.0112994,246.3276836,555.3672316,161.0169492,9441.242938,2720.338983,3572.316384,423.1638418,90.39548023,177.9661017,181.3559322,20.9039548,266.6666667,466.6666667,521.4689266,686.440678,1483.050847,12953.10734,8031.638418,1224.293785,40123.72881,1434.463277,8,mild,6.472743502,13.88414998,3.286040267,0.005038835,0.005038835,0.067664356,0.099337033,8.463803169,0,7.044056591,5.485920217,1.51955562,4.75551639,5.225500125,0.857106531,1.975509989,12.5
65,Male,23653.80282,136.6197183,445.0704225,349.0140845,80.28169014,3464.507042,1462.253521,1244.507042,154.6478873,45.07042254,108.4507042,98.028169,23.0985915,56.3380282,245.6338028,343.3802817,416.056338,1071.830986,6093.802817,5891.549296,988.7323944,147627.8873,616.056338,8,mild,4.084153458,11.61082698,1.428151749,0,0.001335345,0.008679744,0.05341381,8.531520825,0,12.679753,6.957111749,5.549068493,7.628259749,8.160023564,1.121911194,1.27444483,13.5
66,Male,39238.00475,1162.945368,581.9477435,309.7387173,563.6579572,15104.98812,1024.703088,1234.204276,50.3562945,151.7814727,83.1353919,125.415677,51.7814727,229.6912114,1636.104513,213.7767221,311.6389549,4400.23753,36919.95249,14536.10451,2203.562945,102508.3135,631.1163895,8,severe,0.814333333,29.5055,1.968666667,0.018833333,0.123,0.268333333,0.0585,18.80283333,0.033666667,10.16125245,8.190998043,1.859295499,13.26105675,6.886497065,0.093933464,7.268493151,11.9
67,Male,11375.18072,116.8674699,154.2168675,147.9518072,68.6746988,4589.39759,1491.807229,669.3975904,112.5301205,38.55421687,29.39759036,58.0722892,21.686747,19.7590361,215.9036145,227.7108434,289.6385542,1442.409639,3122.168675,2015.903614,257.5903614,47384.81928,471.0843373,8,mild,0.603933703,34.48033148,3.340062153,0.036853568,0.048474063,0.441246779,0.04581795,22.28711254,0.033201413,10.32324437,7.708960787,2.486357537,9.405397346,8.823915312,0.303265245,2.62263307,16.2
68,Male,23982.87462,148.3180428,133.3333333,198.7767584,87.1559633,1712.844037,1166.055046,716.2079511,177.3700306,48.92966361,37.3088685,58.1039755,37.3088685,25.0764526,122.0183486,233.3333333,333.6391437,744.0366972,6436.391437,2625.688073,321.4067278,51642.20183,423.853211,8,mild,1.760003673,16.72835574,3.24168919,0,0.008607778,0.032709556,0.133707485,11.42711221,0,7.76764528,1.557096109,6.031421083,3.674064424,6.729322725,1.034445323,1.123621644,16.6
69,Male,38248.07018,4511.578947,1038.947368,928.0701754,2998.245614,24671.22807,3747.017544,1823.157895,203.5087719,271.5789474,493.3333333,136.4912281,92.2807018,272.6315789,1637.54386,764.9122807,631.2280702,11671.92982,96152.63158,103906.3158,20397.54386,386808.4211,1572.631579,8,severe,1.205006679,15.73233663,2.320346954,0.039343422,0.044375721,0.174300511,0.047578092,10.09341775,0.020586674,6.036300706,5.227488225,0.750262955,14.04152353,5.570495184,0.491194255,2.521256587,10.9
70,Male,46125.56391,182.3308271,163.9097744,441.3533835,107.1428571,2197.744361,1763.157895,2720.300752,251.8796992,77.8195489,237.2180451,90.6015038,19.5488722,148.4962406,275.5639098,578.5714286,508.6466165,903.7593985,6164.661654,3117.293233,532.3308271,117328.1955,1269.548872,8,mild,0.837993868,32.11759761,4.070329602,0.013150058,0.023979517,0.392696819,0.052084542,19.07145122,0.004641197,7.687146375,5.374011878,2.194232144,3.932827972,5.834641467,0.294603206,3.796137078,14.9
71,Male,24024,917.5384615,532,482.4615385,1502.461538,11842.15385,2269.538462,985.2307692,137.2307692,145.2307692,67.6923077,115.3846154,35.0769231,378.7692308,779.6923077,396.3076923,460.6153846,2702.769231,36203.38462,145032.6154,30544.92308,245650.1538,601.5384615,8,severe,1.793493151,42.48613014,2.807534247,0.020547945,0.058561644,0.28989726,0.057363014,26.50565068,0.018664384,13.59913194,8.491666667,4.813888889,8.275520833,9.877951389,0.094444444,4.805208333,13
72,Male,34841.16505,94.17475728,363.4951456,388.7378641,255.9223301,13111.26214,1613.980583,780.776699,87.5728155,44.4660194,40.3883495,72.815534,33.7864078,91.6504854,266.407767,360.9708738,309.5145631,2685.631068,21922.3301,8135.728155,1601.359223,340094.5631,515.9223301,8,severe,0.669834711,17.03719008,1.141942149,0.011157025,0.012190083,0.052066116,0.032644628,8.889049587,0.004132231,11.16170678,10.05623632,1.036323851,6.092341357,20.88468271,0.13785558,3.68512035,15.9
73,Male,44411.22449,164.9659864,148.2993197,229.2517007,96.93877551,903.4013605,1829.251701,871.0884354,169.047619,54.42176871,41.49659864,39.1156463,12.58503401,27.55102041,58.1632653,159.1836735,507.1428571,636.7346939,7701.360544,2820.408163,366.3265306,21065.64626,586.7346939,8,mild,0.642754912,22.557141,5.282560611,0.006071909,0.020817973,0.021685388,0.151797719,11.97553888,0.014746064,11.21315081,4.10347318,6.851158821,14.23166568,9.370691353,2.843706914,0.871577703,9.4
74,Male,63177.33333,215.5555556,476.8888889,895.5555556,151.1111111,4160.444444,3804.888889,3295.555556,433.3333333,78.2222222,994.2222222,142.6666667,23.1111111,226.6666667,382.6666667,1112,1037.333333,1711.111111,7648.444444,5477.333333,994.2222222,52248,2103.111111,8,mild,0.795070798,20.12204514,2.771491202,0.001777356,0.011849043,0.036139582,0.063392381,13.85804846,0.005924522,8.578716189,4.2498922,4.183384858,7.209834316,12.41640904,0.795164697,0.536443831,8.8
75,Male,11081.13208,183.0188679,596.2264151,546.7924528,163.3962264,7873.207547,2995.471698,1815.09434,211.3207547,86.4150943,392.4528302,121.1320755,19.6226415,104.9056604,487.1698113,667.1698113,521.1320755,1992.075472,8598.113208,8490.188679,2507.54717,87545.28302,1412.075472,8,severe,1.95631068,22.77548544,1.244417476,0.009708738,0.030582524,0.128398058,0.023786408,9.726699029,0.007038835,19.88571429,17.11177606,2.517953668,5.351544402,12.56583012,0.067760618,4.216602317,8.2
76,Female,2897.313433,137.0149254,155.8208955,234.9253731,128.6567164,631.641791,1629.552239,373.7313433,30.44776119,17.6119403,310.7462687,45.07462687,17.6119403,59.70149254,361.4925373,216.4179104,279.7014925,285.3731343,3271.343284,858.8059701,160.8955224,2040.597015,276.4179104,0,severe,4.350467858,38.96903518,27.30239744,0.009837451,0.548003866,0.605871222,0.239570856,10.68752206,0.001157347,4.812628856,2.575089946,2.187007317,6.014606999,5.777445392,2.5535298,1.908746682,9.5
77,Female,3728.08399,120.4724409,137.007874,215.7480315,113.1233596,927.0341207,1643.044619,361.9422572,50.1312336,34.90813648,287.9265092,39.63254593,21.52230971,41.99475066,223.3595801,23.09711286,215.2230971,486.351706,4418.897638,973.2283465,149.0813648,7883.2021,329.3963255,0,severe,8.414868834,16.71477768,9.582193862,0.004051453,0.082548364,0.076977616,0.183328269,6.725412742,0.001012863,11.47067885,6.537607907,4.819269533,7.242422147,8.194958786,3.161918654,2.203094644,10.6
78,Female,2432.698413,145.7142857,165.7142857,282.5396825,150.4761905,1070.793651,1941.269841,743.8095238,90.47619048,18.73015873,365.7142857,47.93650794,40.31746032,50.79365079,364.7619048,27.93650794,289.2063492,529.5238095,4101.587302,841.9047619,134.6031746,4070.15873,501.2698413,0,mild,5.742788276,22.71124797,15.01273792,0.012008818,0.343966856,0.216158722,0.243607449,7.205290742,8.58E-04,7.260852862,3.20661103,3.894033889,12.91962629,6.262005378,1.879991172,1.597992496,11.3
79,Female,2717.664671,137.4251497,156.2874251,194.3113772,129.0419162,1757.784431,1917.964072,412.8742515,68.56287425,22.15568862,157.1856287,45.20958084,44.61077844,35.62874251,330.5389222,26.34730539,116.1676647,382.3353293,3868.263473,1335.02994,218.8622754,6751.197605,277.245509,0,mild,6.641741653,25.73754101,15.30987284,0.014786025,0.498500275,0.366130145,0.378803881,9.61514089,0.006336868,3.780096893,2.660911376,1.085491567,6.125924307,3.93217499,2.87764543,1.487997669,10.5
81,Female,2690.962672,90.17681729,102.5540275,273.0844794,84.67583497,1241.453831,1115.520629,580.3536346,26.52259332,43.02554028,372.8880157,29.66601179,20.62868369,23.37917485,126.5225933,408.0550098,248.7229862,450.4911591,3600.785855,649.1159136,90.37328094,4265.618861,404.3222004,0,severe,6.88527391,21.60282147,11.72217273,0.027458111,0.263597867,0.269089489,0.179392993,9.178941459,6.10E-04,5.341467589,3.928772282,1.362569382,5.587818177,8.551360736,2.15785999,1.356456464,16
82,Female,3147.311828,285.6630824,187.0967742,367.3835125,287.8136201,1308.243728,2400.358423,839.7849462,88.53046595,37.27598566,412.9032258,54.1218638,45.51971326,57.34767025,462.3655914,31.54121864,349.8207885,970.609319,5059.856631,2111.111111,262.0071685,29765.5914,507.8853047,0,severe,7.521061244,23.35714719,9.878329646,0.009848783,0.134094973,0.625397739,0.298493894,10.44008909,0.001893997,6.055975383,3.685499571,2.302652237,13.66058906,6.390069289,7.708861024,0.117644596,15.5
83,Female,2792.746114,129.2746114,135.2331606,186.0103627,111.6580311,1423.57513,1205.440415,357.253886,38.60103627,34.45595855,226.1658031,39.11917098,21.24352332,20.20725389,171.761658,22.79792746,289.119171,701.5544041,4227.46114,801.5544041,162.9533679,7555.699482,282.642487,0,severe,5.814399353,25.65098266,12.82583992,0.017429255,0.405055878,0.216122758,0.168018015,12.19768958,0.002788681,9.201512091,6.723893226,2.420301326,12.53889404,8.313772586,3.227523336,1.646514548,14.5
84,Female,2123.952096,137.4251497,156.2874251,173.3532934,129.0419162,1045.508982,1304.790419,793.7125749,93.71257485,35.32934132,286.8263473,45.20958084,31.43712575,59.88023952,152.0958084,26.34730539,233.8323353,351.1976048,1418.862275,861.3772455,137.7245509,12486.82635,448.502994,0,severe,7.160456362,30.48360176,13.50298774,0.022399006,0.579483956,0.343210572,1.005787614,14.87799767,0.003612743,5.311091453,3.370824382,1.889717343,10.01305868,5.448418215,4.11727537,1.712793294,13.2
85,Female,3499.502488,114.1791045,129.8507463,135.0746269,107.2139303,442.2885572,1029.104478,425.1243781,63.93034826,18.4079602,100.2487562,37.56218905,14.67661692,39.80099502,160.199005,21.89054726,154.2288557,317.6616915,3792.537313,540.0497512,63.1840796,4569.900498,188.8059701,0,severe,5.531281108,29.3228569,19.56807526,0.01063854,0.632993153,0.27128278,0.259884344,8.765397387,0.002279687,3.993745721,2.912532063,1.052599307,4.390258858,4.658007419,3.321308493,1.022963016,13.1
86,Female,3596.712329,125.7534247,143.0136986,139.1780822,118.0821918,1339.178082,1475.616438,343.0136986,30.4109589,16.16438356,93.42465753,41.36986301,22.46575342,54.79452055,192.0547945,24.10958904,158.630137,456.9863014,3188.767123,1120.821918,141.9178082,5745.753425,253.6986301,0,severe,4.452045661,17.05739585,9.922254227,0.01200192,0.220035206,0.213367472,0.097348909,6.424361231,0,5.935865565,3.703901704,2.160683578,12.42860834,7.384637317,2.313045183,1.171669652,17.2
87,Female,3891.696751,165.7039711,188.4476534,170.3971119,155.5956679,1458.844765,1144.404332,451.9855596,62.09386282,21.29963899,145.4873646,54.51263538,18.77256318,42.96028881,154.5126354,31.76895307,163.5379061,345.1263538,3142.599278,690.2527076,110.4693141,5879.061372,393.8628159,0,severe,6.751504514,36.85807422,17.84478435,0.047642929,0.412487462,0.685807422,0.462637914,16.79162487,0.005015045,2.829258163,0.962120819,1.806572185,3.597570472,2.332623856,3.298205541,1.143816297,13.9
88,Female,1393.483709,115.037594,130.8270677,33.33333333,108.0200501,361.4035088,547.6190476,313.7844612,14.28571429,14.78696742,54.38596491,37.84461153,13.03258145,16.79197995,96.9924812,22.05513784,75.43859649,196.2406015,459.1478697,575.4385965,119.7994987,5987.468672,89.72431078,0,severe,6.552870687,18.65370687,10.78318409,0.004938109,0.409040032,0.254312615,0.203285489,6.660686068,0.001646036,3.094383022,2.393481398,0.681371858,8.976097736,3.24519622,3.527292849,0.92549394,18.2
89,Female,3618.611987,144.7949527,164.6687697,137.5394322,135.9621451,1200.946372,1188.328076,435.0157729,63.09148265,32.80757098,146.3722397,47.6340694,18.61198738,50.47318612,160.2523659,27.76025237,171.6088328,584.5425868,4075.709779,799.6845426,129.022082,7504.100946,344.1640379,0,severe,5.32885514,23.9182243,15.55957944,0.004088785,0.270443925,0.448014019,0.245327103,7.642523364,5.84E-04,4.139409939,2.814829724,1.301355546,8.233918853,3.804200568,2.306209502,1.268841012,19.3
90,Female,1770.621469,129.6610169,147.4576271,102.259887,121.7514124,885.5932203,1147.740113,353.6723164,35.31073446,16.66666667,113.8418079,42.65536723,14.68926554,22.03389831,162.9943503,24.85875706,85.02824859,270.0564972,517.5141243,87.57062147,56.49717514,3426.271186,261.5819209,0,mild,5.894632668,31.09681609,18.94261547,0.021648703,0.372666966,0.329369559,0.162365275,11.0222827,0.001546336,3.423186641,1.612231161,1.750056092,6.681303888,3.565819417,3.71326004,1.708388089,15
91,Female,4989.341693,508.1504702,298.7460815,1210.658307,520.6896552,1242.319749,2281.191223,3331.034483,73.04075235,121.0031348,2067.398119,47.3354232,98.7460815,271.1598746,434.169279,2196.551724,615.0470219,899.3730408,2728.840125,1453.918495,119.1222571,4488.401254,1565.203762,3,mild,5.190290725,24.66939276,15.60226958,0.016446262,0.251926829,0.153996815,0.428350365,7.864303389,0.003737787,8.521637239,5.627864766,2.820250663,9.804822571,8.673275971,3.139611024,1.41759239,13
92,Female,3166.876972,144.7949527,164.6687697,248.2649842,135.9621451,1274.763407,2249.842271,435.0157729,63.09148265,18.61198738,193.6908517,47.6340694,33.12302839,56.78233438,256.7823344,27.76025237,208.2018927,892.4290221,7575.394322,3145.425868,522.3974763,10658.04416,447.0031546,3,mild,13.12568796,15.33939419,10.6021444,0.047290962,0.214440051,0.072567165,0.234008724,4.214603123,0.033429818,16.02905472,11.51189151,4.365585051,8.391796,17.57099357,2.016794323,1.780707991,15.8
93,Female,1968.965517,499.204244,138.4615385,280.9018568,114.3236074,2115.384615,1350.928382,365.7824934,44.56233422,42.97082228,261.5384615,40.0530504,27.85145889,74.53580902,353.5809019,118.0371353,200,1652.519894,17528.11671,3344.562334,1013.793103,8284.880637,332.8912467,3,severe,4.729908076,11.51577401,5.730057266,0.035002353,0.082628505,0.028690453,0.12222133,5.582014529,0.017214272,15.01270529,12.60211129,2.283541109,14.21883794,20.1434248,2.003854222,1.8034688,15.3
94,Female,3270.974576,137.9237288,110.5932203,451.9067797,91.31355932,905.2966102,1048.09322,1053.813559,50.42372881,34.3220339,585.1694915,31.99152542,26.90677966,33.89830508,124.1525424,1412.288136,307.4152542,607.8389831,4828.389831,1056.355932,188.9830508,6586.864407,569.4915254,3,mild,4.681639908,15.60705487,9.006819449,0.056709604,0.271157686,0.133434362,0.581869129,5.559447391,0.014296539,9.303748089,5.490122648,3.736229442,7.619136785,13.0050245,2.371812876,2.034765783,11.9
95,Female,4049.354839,607.0967742,168.3870968,667.7419355,139.0322581,2725.16129,1784.516129,2475.806452,52.58064516,88.70967742,866.7741935,48.70967742,48.06451613,77.74193548,543.2258065,1287.741935,424.516129,2292.580645,27273.22581,3606.129032,793.5483871,10450.96774,1117.419355,3,severe,8.137447135,9.857602711,7.04639277,0.048674984,0.207098282,0.184597582,0.267253216,2.504006502,0.016990325,18.04283104,16.20794521,1.742247096,11.45845312,22.51057359,1.908357931,0.11755536,15.4
96,Female,3849.459459,254.3243243,141.0810811,198.9189189,116.4864865,2391.081081,1098.108108,372.7027027,66.75675676,24.05405405,108.9189189,40.81081081,15.94594595,43.24324324,181.8918919,23.78378378,203.7837838,860.2702703,10242.16216,3437.837838,714.0540541,11429.45946,339.1891892,3,severe,2.668300541,17.11104529,9.691660344,0.016636302,0.185433903,0.137148051,0.299047673,6.903253817,0.002028817,12.72913761,6.364881515,6.253557066,6.588155829,12.30948197,1.298993702,2.025104288,17.1
97,Female,2602.934537,511.2866817,117.8329571,741.5349887,362.7539503,3769.751693,1511.738149,1309.706546,41.08352144,81.03837472,915.3498871,34.08577878,54.85327314,76.74943567,438.8261851,1554.401806,420.0902935,1333.634312,20574.4921,8001.580135,1876.523702,12679.00677,886.2302483,3,mild,4.979888459,10.23480151,6.35913382,0.026501299,0.085981991,0.022967792,0.118372467,3.582386648,0.014134026,15.05247006,13.98096254,1.010389982,10.66501086,20.27801979,1.401802317,0.598171675,17.2
98,Female,4365.436242,167.4496644,175.1677852,252.6845638,144.6308725,984.5637584,1856.375839,462.7516779,57.71812081,24.83221477,312.0805369,50.67114094,19.79865772,53.69127517,459.0604027,29.53020134,253.0201342,1343.288591,12315.77181,3091.610738,532.885906,10942.95302,366.1073826,3,severe,7.348138914,7.851293795,4.830106186,0.014904947,0.136854514,0.033423215,0.132337864,2.613334056,0.001354995,17.71787475,13.23751849,4.313917332,10.54356933,26.35245694,2.313276317,0.632580422,11.2
99,Female,2478.174603,1289.68254,207.1428571,257.5396825,171.031746,4009.920635,1582.936508,496.8253968,46.03174603,52.77777778,543.2539683,59.92063492,20.63492063,95.63492063,921.8253968,102.3809524,325.3968254,2083.730159,28808.33333,5834.52381,1200.396825,10481.34921,432.9365079,3,severe,9.113962807,11.56933481,7.70556835,0.053247427,0.29951678,0.110488412,0.254256466,2.479998935,0.041932349,23.43661618,0.058921501,23.3077745,5.726384262,24.16331469,4.003519578,1.982119289,13.8
100,Female,3673.569482,125.0681199,142.2343324,324.7956403,117.4386921,1568.93733,1407.629428,509.5367847,57.22070845,32.15258856,343.5967302,41.14441417,34.60490463,43.59673025,206.5395095,524.7956403,329.7002725,919.346049,10644.95913,2184.741144,467.5749319,4484.196185,473.8419619,3,severe,4.260015189,23.19394342,14.38200114,0.054585153,0.486519841,0.662141637,0.412948548,6.322384659,0.026105943,10.61153846,8.363461538,2.128846154,11.75,14.89615385,2.778846154,1.194230769,15.3
101,Female,4081.028939,728.2958199,167.8456592,788.1028939,217.0418006,2127.33119,1825.723473,1644.051447,74.91961415,106.4308682,1327.009646,48.55305466,33.76205788,90.35369775,436.977492,1645.337621,579.0996785,1072.66881,12747.26688,5296.463023,919.6141479,5960.128617,964.3086817,3,severe,1.582235164,16.65360063,9.815706624,0.024887694,0.646457859,0.082129391,0.291186023,5.620885753,0.006221924,6.699253923,3.969642398,2.671983535,4.737844096,7.162850527,0.852585542,1.275533831,13.2
102,Female,1816.993464,150,170.5882353,223.5294118,140.8496732,471.2418301,1760.130719,409.1503268,56.20915033,24.18300654,456.2091503,49.34640523,26.79738562,52.2875817,250.6535948,28.75816993,211.4379085,450.3267974,2844.771242,1427.777778,236.6013072,5151.633987,410.130719,3,severe,5.678738964,16.97393724,10.17707817,0.003642085,0.17518429,0.079033245,0.199586259,5.826243408,0.00254946,9.592927687,6.714734135,2.763354034,6.43776824,10.47111223,3.088057141,0.130151453,14.8
103,Female,3485.964912,161.0526316,183.1578947,359.6491228,151.2280702,2605.964912,1709.824561,599.6491228,57.19298246,25.96491228,345.9649123,52.98245614,20.70175439,27.36842105,185.2631579,43.85964912,315.0877193,774.3859649,9110.526316,1867.719298,552.6315789,8810.526316,382.8070175,3,mild,4.552126904,20.8965354,13.8031726,0.083655592,0.66450951,0.34409281,0.596637992,5.068266119,0.052087444,12.67590132,8.433829657,4.147733526,9.102058144,16.16798478,2.509394506,1.260986462,15.7
104,Female,3172.105263,1012.368421,137.3684211,207.1052632,113.4210526,3690.526316,1378.684211,534.2105263,67.63157895,42.63157895,138.1578947,39.73684211,24.73684211,42.10526316,696.5789474,23.15789474,239.7368421,2349.736842,29881.05263,4628.421053,1216.315789,7534.210526,372.8947368,3,severe,2.488796159,20.38619985,13.38925496,0.14902971,0.813276418,0.203319105,0.980402593,4.237766258,0.051095901,12.6662191,9.874798299,2.749019469,8.621603477,16.89339599,0.838604054,1.945749856,14.4
105,Female,3434.482759,105.5172414,120,220.2298851,99.08045977,1123.678161,1052.643678,317.0114943,41.83908046,17.01149425,134.2528736,34.71264368,11.95402299,36.7816092,154.7126437,20.22988506,215.4022989,641.1494253,6227.356322,940.4597701,219.3103448,3710.574713,307.1264368,3,mild,4.705141251,22.52023065,13.3280031,0.027862577,0.37553908,0.067839318,0.347676503,8.701603915,0.012114164,5.882291678,4.841850922,1.00086443,5.968734703,7.412229084,3.251507546,0.76340648,14.3
106,Female,7813.033175,288.8625592,123.6966825,667.0616114,102.1327014,2656.161137,1172.274882,909.478673,54.26540284,51.8957346,583.1753555,35.78199052,24.88151659,47.39336493,311.8483412,1317.772512,365.6398104,1032.938389,12140.52133,3360.189573,824.6445498,14212.08531,636.9668246,4,mild,2.162528639,31.14508814,23.01631832,0.072473933,0.337432397,0.211966771,0.397437696,5.290597092,0.025716557,8.613767007,6.058811635,2.483462838,3.758774084,10.2400416,2.209047055,0.077269707,12
107,Female,6560.686016,210.2902375,137.7308707,646.701847,113.7203166,983.6411609,1555.672823,1530.870712,62.79683377,61.47757256,774.6701847,39.84168865,39.31398417,63.5883905,212.4010554,1279.94723,337.4670185,627.4406332,4576.253298,1176.51715,158.3113456,12084.43272,709.2348285,4,mild,2.724566089,20.4773256,11.81826015,0.016274639,0.345596753,0.16083173,0.184765023,7.247001158,0.007658654,6.792112918,5.161642205,1.566012164,7.478017982,12.06614439,3.346886156,2.013090044,13.8
108,Female,7291.916168,149.4011976,156.2874251,214.9700599,129.0419162,2896.706587,1612.57485,374.8502994,45.80838323,22.15568862,183.8323353,45.20958084,24.5508982,35.62874251,249.1017964,26.34730539,225.748503,1088.922156,6698.203593,1857.185629,461.3772455,18702.09581,424.251497,4,severe,1.811270945,28.27513719,16.02644798,0.012221801,0.336099534,0.267657447,0.140550714,10.367754,0.006110901,9.251901849,5.817287072,3.364635771,6.410979932,11.69439491,3.065531953,0.084652024,12.3
109,Female,4650.533808,177.5800712,185.7651246,218.5053381,153.3807829,2008.896797,1655.871886,445.5516014,101.4234875,37.01067616,165.1245552,53.7366548,18.50533808,85.76512456,424.5551601,31.31672598,282.5622776,1526.33452,14513.16726,2179.715302,449.4661922,5443.772242,329.5373665,4,severe,2.426818665,24.80919718,15.15215921,0.268573085,0.550671433,1.16124046,0.506231282,6.953917496,0.044440151,7.728205209,6.09643422,1.575395023,6.599119909,12.16154846,2.900230202,2.139154674,9.4
110,Female,4784.758364,602.6022305,194.0520446,273.605948,160.2230483,2390.334572,1620.074349,754.6468401,105.9479554,81.41263941,303.3457249,56.133829,39.03345725,59.4795539,553.5315985,32.71375465,456.8773234,3178.438662,18680.66914,2558.364312,572.8624535,3182.527881,466.5427509,4,severe,6.34164033,28.71871924,15.81783327,0.108802653,0.720169939,0.673540231,0.430029532,8.921817522,0.04144863,8.2580978,3.563400523,4.602572134,5.553303608,11.27611748,10.61281645,3.463905369,8.4
111,Female,4323.963134,114.9769585,120.2764977,212.9032258,99.30875576,1761.981567,1207.142857,317.7419355,37.55760369,23.96313364,100,34.79262673,31.79723502,46.08294931,137.3271889,20.2764977,147.4654378,750.921659,3996.313364,2438.479263,432.4884793,12664.51613,289.1705069,4,mild,9.78172782,14.30343191,9.915601424,0.016118561,0.381024872,0.090890774,0.343414896,4.004566926,0.00402964,6.152056688,3.937199478,2.144776032,4.55138313,8.548930289,3.463664856,1.684868306,13.3
112,Female,3955.670103,171.4776632,179.3814433,198.9690722,148.1099656,2915.80756,1548.453608,473.8831615,86.59793814,30.58419244,117.1821306,51.89003436,28.17869416,54.98281787,317.5257732,30.24054983,321.9931271,1093.814433,7395.189003,1274.226804,349.1408935,4827.147766,318.2130584,4,severe,7.95559298,25.66965077,11.2280624,0.046534302,0.4139337,0.222921468,0.520741003,12.18622585,0.020386456,7.724142677,5.865728203,1.813686699,3.631797024,7.334372066,4.82617607,2.302251626,11.7
113,Female,3002.087287,178.5578748,99.0512334,139.658444,81.78368121,2361.669829,938.7096774,237.5711575,27.32447818,19.73434535,99.62049336,28.65275142,11.19544592,37.95066414,171.9165085,16.69829222,120.113852,1526.755218,12697.53321,2945.540797,817.0777989,19566.22391,238.1404175,4,severe,4.060503249,13.9133298,7.664189462,0.143797333,0.336777523,0.107118593,0.470988367,3.014742353,0.068355834,19.85262134,16.21975454,3.476362272,7.951880187,22.68249623,2.175285077,1.29894498,16.9
114,Female,3313.903743,122.7272727,139.5721925,340.9090909,115.2406417,543.315508,1145.721925,542.7807487,58.55614973,35.56149733,278.342246,40.37433155,28.07486631,53.47593583,141.1764706,23.52941176,267.6470588,543.315508,3454.545455,1017.379679,157.486631,7836.898396,464.973262,4,mild,2.758107802,17.57795238,8.737780365,0.008083552,0.160054321,0.055507054,0.105086171,8.320669103,0.001077807,5.035318306,2.227121407,2.664032351,5.448536469,4.542588778,1.420362138,0.763791006,14.9
115,Female,5137.410072,4798.920863,187.7697842,320.1438849,438.4892086,8006.834532,2930.215827,496.0431655,78.77697842,108.9928058,166.9064748,54.31654676,45.68345324,122.3021583,1229.136691,31.65467626,859.352518,9622.302158,82976.97842,9534.532374,4037.05036,26255.7554,683.0935252,4,severe,7.082017693,7.290519558,3.969103103,0.127867227,0.02740012,0.030270609,0.212155215,1.824065134,0.039925889,29.20032801,25.90695803,3.088364818,20.47242301,43.2355889,0.656396161,0.717138432,15.1
116,Female,8056.571429,500.5714286,366.8571429,273.7142857,123.1428571,3293.714286,1934,357.7142857,62.57142857,29.71428571,150,43.14285714,26.85714286,57.14285714,320.5714286,127.1428571,249.1428571,842.2857143,7844.857143,2330,453.7142857,15698,358.5714286,4,mild,3.368286624,14.3805685,9.025830847,0.039409752,0.160133295,0.26788654,0.157639007,4.335072684,0.008979437,7.229380875,4.228630687,2.932350735,7.468778959,6.887383611,2.655994881,0.188098495,15.8
117,Female,7085.365854,242.9878049,159.1463415,276.5243902,131.402439,1812.5,2593.597561,570.1219512,101.2195122,40.54878049,178.0487805,46.03658537,38.7195122,85.67073171,379.8780488,307.3170732,221.9512195,1153.658537,8258.841463,1747.256098,257.0121951,11875.60976,432.0121951,4,severe,4.851810346,18.28463653,13.12440051,0.006782135,0.258690014,0.064914723,0.124339146,4.615081531,0.001937753,11.85788924,8.848484848,2.915170514,4.064975777,11.9707419,4.042557234,0.214686045,14.5
118,Female,9602.915452,453.3527697,152.1865889,284.2565598,234.1107872,5891.836735,2543.440233,365.0145773,92.71137026,42.85714286,187.4635569,44.02332362,61.80758017,99.12536443,478.7172012,309.0379009,260.058309,893.877551,13543.73178,2996.793003,815.451895,19718.36735,341.9825073,4,mild,5.523361666,21.05254944,9.195892591,0.118082793,0.200272579,0.320436126,0.215358046,8.374514924,0.047337155,6.897522357,4.290280018,2.515173728,3.15554904,10.13165225,5.008063334,1.51062894,14.5
119,Female,10871.57895,838.9473684,549.4736842,792.6315789,498.9473684,9729.473684,7430.526316,1451.578947,349.4736842,140,552.6315789,158.9473684,145.2631579,210.5263158,1255.789474,468.4210526,1134.736842,3186.315789,28514.73684,8868.421053,2088.421053,46858.94737,1662.105263,4,mild,5.16923332,21.75368417,13.50653927,0.185503762,0.375152859,0.140941406,0.326445168,6.307127904,0.089124712,10.66457334,7.106207187,3.373299536,6.693973494,13.32041083,8.272740828,2.304123214,15.9
120,Female,3113.136729,326.8096515,139.9463807,238.6058981,295.9785523,1872.922252,2280.697051,544.2359249,77.74798928,27.88203753,148.5254692,40.48257373,56.83646113,96.51474531,343.4316354,23.5924933,302.4128686,1262.198391,8302.412869,2469.97319,356.0321716,12780.16086,466.2198391,4,severe,2.261337816,27.8869798,17.92495409,0.062252934,0.267687615,0.197653064,0.147072556,8.37846671,0.031126467,6.702130298,5.530962478,1.112268432,6.993527267,9.823797833,2.580413164,1.0192694,14.3
121,Female,4307.194245,413.6690647,187.7697842,283.0935252,310.7913669,3298.920863,2852.158273,450.3597122,61.8705036,47.84172662,111.1510791,61.51079137,53.5971223,122.3021583,791.3669065,31.65467626,323.0215827,1606.115108,11260.43165,5024.460432,847.8417266,24815.10791,567.9856115,5,severe,2.47593361,15.80477178,7.433817427,0.358921162,0.592738589,0.87593361,0.863485477,6.781120332,0.212033195,7.467409531,7.071635924,0.356106093,4.326463641,10.67957664,0.169939237,1.346892411,13.2
122,Female,7241.394336,205.0108932,207.6252723,266.8845316,302.3965142,2403.267974,2184.095861,372.3311547,68.19172113,47.7124183,114.379085,32.89760349,50.76252723,52.50544662,377.9956427,208.0610022,178.6492375,776.0348584,6746.840959,2996.732026,496.0784314,21216.55773,413.7254902,5,mild,7.321460766,20.24279333,13.08960516,0.147038202,0.457941866,1.15747511,0.431499028,6.187223302,0.018029207,1.872757565,1.194582898,0.649139665,3.141310585,4.288193124,2.23085591,0.119596552,17.9
123,Female,4790.5,229.5,261,271.5,215.5,1627,2766,772.5,147,29.5,186,75.5,52.5,160,411.5,44,261.5,1189,916,1951,287.5,9240.5,627.5,5,mild,3.110931936,31.61325002,20.12459086,0.130542037,0.617195074,0.897476507,0.980985016,10.53263071,0.016317755,4.105319966,2.335798603,1.710233276,5.755505051,5.397496218,1.274693868,2.358601713,15.5
124,Female,2590.344828,248.5057471,120,173.1034483,99.08045977,1673.563218,1103.448276,287.816092,47.12643678,17.01149425,63.67816092,34.71264368,24.13793103,27.35632184,243.6781609,20.22988506,118.6206897,895.1724138,5427.816092,1204.367816,225.7471264,5749.195402,174.4827586,5,severe,6.518369401,16.36285858,10.23251132,0.087065929,0.567689985,0.524911928,0.682939104,4.849521892,0.030699547,11.67602027,9.428888671,2.146671602,8.375947005,15.93461791,2.2116307,0.41770211,16.9
125,Female,3997.421203,142.9799427,149.5702006,98.56733524,123.495702,2096.561605,1291.117479,358.739255,38.68194842,21.2034384,62.17765043,43.26647564,14.89971347,51.57593123,259.5988539,25.21489971,86.24641834,504.5845272,4044.985673,1595.702006,220.6303725,8908.309456,265.3295129,5,mild,7.286659788,19.98137756,12.93001485,0.026423736,0.554898457,0.694566777,0.44794524,5.379117699,0.003774819,3.24758695,2.174610817,1.017951716,4.311392347,2.951830708,1.713781324,1.036293188,19.5
126,Female,4674.744027,686.0068259,178.1569966,221.5017065,147.0989761,3740.614334,1863.139932,470.6484642,60.40955631,74.7440273,74.06143345,51.53583618,27.98634812,75.42662116,407.1672355,30.03412969,288.7372014,2817.064846,14582.25256,6499.658703,1158.361775,10250.85324,316.0409556,5,mild,6.963025666,18.09566638,9.981284678,0.02182352,0.685126279,0.680497047,0.636188687,7.015269851,0.001322638,4.118507362,3.091472665,0.971371817,2.179038014,6.499459743,1.546554904,1.105071871,14.5
127,Female,4237.055838,116.4974619,132.4873096,110.6598985,109.3908629,1866.497462,1478.172589,317.7664975,36.54822335,14.97461929,86.54822335,38.3248731,13.19796954,25.12690355,177.9187817,22.33502538,104.0609137,362.1827411,3279.187817,1802.284264,249.2385787,10681.9797,276.9035533,5,severe,1.884425171,21.48756304,12.2475455,0.018880795,0.393451409,0.331327503,0.464102127,8.468950228,0.012181158,4.059725988,2.799447762,1.219802946,3.795804987,4.215528092,0.962535416,1.008000798,16.1
128,Female,5948.184019,192.9782082,126.3922518,280.62954,104.3583535,807.2639225,1445.27845,529.5399516,53.02663438,39.2251816,292.0096852,36.56174334,30.75060533,53.51089588,165.1331719,647.2154964,250.1210654,655.6900726,5314.527845,1771.670702,222.5181598,18407.26392,421.0653753,5,mild,8.188035677,19.0594949,12.04001176,0.013613147,0.309290701,0.181871644,0.24993738,6.599109156,0.003267155,6.521937218,4.615813932,1.842339059,6.592555469,6.933687184,1.082053852,0.65720534,13.6
129,Female,2320.726496,98.07692308,111.5384615,28.41880342,92.09401709,2021.153846,1057.051282,267.5213675,21.79487179,12.60683761,52.35042735,32.26495726,11.11111111,14.31623932,78.20512821,18.8034188,68.8034188,434.1880342,2760.683761,952.7777778,138.034188,10583.11966,162.1794872,5,severe,16.90446128,28.09974747,18.09343434,0.050505051,0.488215488,0.408249158,0.292508418,8.836279461,0.025252525,1.947565543,0.878447395,1.025990239,2.480989672,1.691067983,2.421972534,0.077176257,15.5
130,Female,2973.669468,128.5714286,146.2184874,162.1848739,120.7282913,4435.294118,1508.683473,350.7002801,37.81512605,16.52661064,60.78431373,42.29691877,14.56582633,67.5070028,180.3921569,24.64985994,160.2240896,912.8851541,4570.868347,1038.655462,157.1428571,6691.876751,259.3837535,5,severe,6.621210736,12.71261031,8.82618536,0.009716062,0.164029994,0.088016094,0.064011705,3.656097115,0.001714599,3.691121972,2.913018959,0.741849723,5.43732209,4.677345722,1.261480208,0.071835222,18.5
131,Female,2756.934307,167.5182482,190.5109489,105.1094891,157.2992701,2333.211679,1751.824818,456.9343066,55.83941606,21.53284672,79.19708029,55.10948905,18.97810219,28.46715328,178.1021898,32.11678832,109.8540146,263.5036496,668.6131387,1205.839416,214.9635036,12339.41606,277.0072993,5,severe,3.532343631,27.92143635,17.12617131,0.034612311,0.303959019,0.268088079,0.241027545,9.571247868,0.007551777,2.034283991,1.580545446,0.435917998,5.288590052,2.928052968,1.044558222,0.047978396,16.3
132,Female,4783.116883,937.6623377,135.5844156,213.5064935,240.5194805,18830.90909,1814.805195,608.5714286,37.4025974,146.4935065,151.6883117,49.09090909,60.51948052,98.7012987,1019.220779,288.3116883,330.3896104,2711.688312,49747.53247,19135.06494,3718.181818,60328.83117,283.3766234,5,severe,12.46151904,15.00393307,10.04114347,0.256701595,0.450603556,0.220122427,0.54253704,4.558152784,0.120743625,4.368868835,3.93786338,0.409455182,5.875143107,8.666352392,0.606550385,0.072283207,13.9
133,Female,7654.521277,3548.138298,411.7021277,334.5744681,339.3617021,18531.91489,2166.489362,539.893617,48.40425532,160.6382979,139.6276596,40.15957447,56.38297872,178.7234043,2140.425532,295.212766,778.7234043,14557.44681,56445.21277,16723.1383,3006.914894,30451.59574,419.9468085,5,severe,16.79758798,27.75847383,19.53138732,0.062193259,0.663845436,0.296093993,0.57461163,7.618674202,0.005408109,2.024700763,1.418169565,0.562579662,1.60716117,3.541028759,3.168905753,0.150900274,15.5
134,Female,6078.431373,150,170.5882353,136.2745098,140.8496732,3395.424837,1568.627451,450.6535948,74.83660131,24.18300654,151.6339869,49.34640523,19.28104575,52.2875817,185.2941176,28.75816993,110.130719,763.0718954,4982.352941,1367.647059,213.3986928,18880.71895,302.6143791,5,mild,2.671028476,31.91922531,19.20617382,0.006090293,0.217510462,0.245351801,0.205329876,11.66552111,0,1.689486197,0.843214152,0.81569311,4.562377206,1.459379706,1.085552217,0.076447339,15.9
135,Female,4234.121622,168.5810811,176.3513514,219.2567568,271.2837838,11503.37838,2065.878378,465.8783784,67.56756757,44.93243243,136.1486486,51.01351351,27.7027027,67.56756757,293.5810811,29.72972973,169.5945946,2061.486486,10462.16216,7134.121622,2425.675676,22949.32432,256.4189189,5,mild,24.35056845,17.41239682,12.73399782,0.083320355,0.681358044,0.348855318,0.369101386,4.152779941,0.024918237,3.113093426,2.2432706,0.822093664,4.4766662,4.399312042,0.632822851,2.041656037,13.9
136,Female,12058.44444,1831.777778,211.7777778,212.8888889,150,7994.222222,1180.666667,451.1111111,32,155.3333333,110,33.55555556,114.2222222,526.6666667,926.8888889,187.5555556,387.1111111,5044.888889,13097.77778,11284.88889,1466.888889,56136.66667,260.6666667,8,mild,8.516540074,10.23745544,6.622260025,0.133815865,0.283342905,1.40127423,3.720026872,2.764895819,0.075305284,5.353367418,2.6831706,2.558237872,5.167409856,5.026620281,0.545859922,3.622568617,16.2
137,Female,3735.371179,1656.550218,113.9737991,186.8995633,202.1834061,5023.799127,1430.349345,373.1441048,23.1441048,114.1921397,94.75982533,32.96943231,32.53275109,95.85152838,310.0436681,19.2139738,186.2445415,1955.895197,18618.55895,14798.9083,2788.209607,46276.20087,274.0174672,8,severe,4.11936595,16.44938538,6.094976901,0.4384805,0.208629218,2.632841961,3.671417144,7.89526095,0.431950634,3.122838105,2.626436712,0.459990533,5.223744736,5.427038705,0.506110956,0.907844113,14.5
138,Female,7726.25,1522.25,321,314.5,374.5,6805.25,1837.25,507.5,31.25,290.75,168,40.5,42.5,60.25,836.5,348,382.5,5494.25,35698.25,40382.25,7634.5,102754.75,394.75,8,severe,12.62892768,23.73142145,9.360349127,0.238154613,0.391022444,3.537406484,8.051371571,10.41795511,0.322942643,6.036967769,4.261044241,1.661365005,4.1198442,5.668249173,0.237642332,3.057380499,13.4
139,Female,4511.627907,1929.568106,173.4219269,329.2358804,774.0863787,4181.727575,2417.607973,458.1395349,60.46511628,146.5116279,232.8903654,50.16611296,56.47840532,66.44518272,788.0398671,280.3986711,349.5016611,1941.196013,56744.51827,81391.69435,19425.24917,35418.27243,470.7641196,8,severe,7.212237637,30.99892451,9.180595107,0.429521304,0.245537375,3.421965787,3.724659934,14.36630388,1.236480225,4.516235966,4.09394232,0.385541127,2.233976623,5.083377773,0.29978525,1.447040341,14.1
140,Female,4118.153846,141.2307692,160.6153846,178.1538462,132.6153846,1480.307692,1612,385.2307692,60.30769231,40.92307692,66.76923077,46.46153846,16,61.53846154,147.0769231,27.07692308,130.4615385,1061.538462,1014.769231,1079.692308,185.8461538,11253.23077,284.9230769,8,mild,15.36137249,15.51447923,10.52279364,0.300129786,0.829412719,0.417748215,3.096609345,3.951370863,0.002027904,3.865774087,0.005084315,3.826794339,4.61825269,3.631895602,3.369205999,3.540377934,17.7
141,Female,13984.08304,3449.134948,180.6228374,435.2941176,1007.612457,31249.13495,2668.16609,917.3010381,67.8200692,393.4256055,321.799308,71.97231834,87.88927336,417.9930796,1179.584775,526.9896194,688.9273356,4810.726644,41477.50865,26762.97578,5318.685121,168738.4083,657.0934256,8,severe,7.097691549,18.11681592,8.403885172,0.560204689,0.342234137,3.060550997,4.433154339,4.299112636,0.288861909,7.603956016,5.258626138,2.206300556,4.632994186,8.164023003,0.713315217,0.110591507,14.9
142,Female,3478.761062,135.3982301,153.9823009,170.7964602,127.1386431,3702.359882,1760.766962,406.7846608,50.73746313,21.82890855,118.879056,44.54277286,17.40412979,35.10324484,269.9115044,25.95870206,88.79056047,464.0117994,2567.846608,1942.182891,257.8171091,17080.82596,370.2064897,8,mild,27.16344122,17.29555762,12.39894082,0.250007042,0.70565368,1.964139835,5.893827995,3.285303811,0.133102341,2.618123055,1.630447891,0.959938255,4.299220955,2.333518246,2.709775452,1.290369263,12.8
143,Female,3850,134.2105263,152.6315789,200,126.0233918,3038.011696,1489.181287,366.0818713,25.43859649,47.36842105,99.70760234,44.15204678,15.20467836,46.78362573,154.3859649,25.73099415,96.49122807,731.871345,2027.192982,1880.994152,246.4912281,35147.36842,221.9298246,8,mild,9.343084842,18.35418419,10.79043303,0.63095335,0.436918234,2.231629985,5.10416384,5.801604747,0.191321338,5.851530941,1.96051168,3.748316843,4.988730168,5.228762953,1.199432118,2.34397869,15.6
144,Female,5537.333333,933.3333333,116,144.2222222,95.77777778,4124.666667,1148,306.4444444,32,110.2222222,61.55555556,33.55555556,18.22222222,71.11111111,443.1111111,57.33333333,202.4444444,2220,12337.33333,8324.666667,1307.777778,50795.11111,278.8888889,8,mild,13.24076648,20.34244057,9.626713772,0.130466361,0.483756714,1.453063494,5.133470226,7.998350116,0.229549062,7.695915052,5.271576197,2.30709967,6.742927965,7.056124073,1.997253253,2.017351399,14.2
145,Female,7483.445946,2894.932432,321.9594595,352.027027,468.9189189,15573.98649,2580.743243,685.8108108,53.37837838,339.527027,197.2972973,57.77027027,99.66216216,161.4864865,1398.648649,514.527027,364.1891892,4221.621622,28991.89189,46527.7027,6728.378378,218900,614.527027,8,severe,7.287943262,16.31607565,6.479905437,0.488179669,0.416548463,1.508747045,3.104728132,7.021040189,0.79858156,6.406799113,5.11883821,1.195320734,5.678804904,7.330575382,0.864516565,0.059634765,15
146,Female,2686.245353,170.6319703,194.0520446,141.6356877,160.2230483,2349.070632,1455.390335,512.6394052,78.0669145,49.44237918,80.66914498,56.133829,19.33085502,44.23791822,128.2527881,32.71375465,130.8550186,1379.553903,13189.96283,3889.219331,807.063197,38189.96283,250.929368,8,severe,6.355632184,11.59632184,7.450344828,0.032183908,0.31862069,0.490344828,2.867586207,3.048965517,0.004137931,9.217187674,8.54811731,0.632271494,6.121250418,13.7252351,1.220310003,2.29565476,14.5
147,Female,4869.607843,163.0718954,170.5882353,142.4836601,140.8496732,2973.529412,1568.627451,558.496732,40.8496732,52.94117647,111.4379085,49.34640523,16.99346405,65.35947712,152.9411765,28.75816993,115.0326797,1052.614379,4222.222222,2127.124183,286.9281046,22185.29412,329.7385621,8,mild,6.175534442,10.71591449,7.503800475,0.073634204,0.316864608,0.314726841,4.722327791,3.001900238,0.032066508,8.597964388,0.016318462,8.549475245,6.143667737,4.571966748,1.039719136,3.306586597,17.8
148,Female,5638.679245,144.3396226,164.1509434,220.4402516,135.5345912,1147.798742,1324.213836,393.7106918,42.45283019,32.70440252,68.23899371,47.48427673,16.35220126,24.52830189,172.0125786,27.67295597,122.0125786,877.0440252,2737.421384,760.0628931,160.6918239,12520.12579,291.1949686,8,mild,15.74733965,13.01864688,8.000585766,0.011715318,0.288001562,0.468612711,1.540564288,3.439422044,0.002928829,7.356206575,3.356493088,3.887973641,6.135663634,7.159945563,5.466657116,0.696225199,13.5
149,Female,4973.144105,2741.921397,387.5545852,271.1790393,615.0655022,18095.19651,1588.864629,511.5720524,25.32751092,207.860262,227.2925764,53.27510917,59.82532751,167.9039301,798.9082969,368.9956332,475.9825328,4065.502183,41845.85153,49120.08734,8413.973799,161891.7031,449.3449782,8,severe,16.30498812,22.37102138,9.081710214,0.460807601,0.55368171,2.742992874,5.69192399,9.995486936,0.683610451,7.145217318,6.010759976,1.018808777,4.457764975,8.911293739,0.748962128,1.952893332,14.7
150,Female,3391.803279,2266.939891,142.6229508,298.3606557,663.6612022,33213.38798,1948.63388,466.9398907,49.72677596,281.6939891,191.5300546,41.2568306,46.44808743,157.1038251,427.8688525,70.49180328,259.5628415,3221.857923,25425.68306,45157.10383,4212.568306,113919.3989,475.136612,8,severe,7.767583009,16.78032972,7.37838986,0.141177907,0.380544413,0.514599831,2.773191969,7.720269332,0.202736562,7.258162682,6.211316797,0.95461483,8.353699074,3.877917919,0.573517983,1.542178151,16.6
