"","Day.x","Mouse_ID","Eotaxin..74.","G.CSF..54.","GM.CSF..73.","IFNg..34.","IL.10..56.","IL.12p40..76.","IL.12p70..78.","IL.13..37.","IL.17A..72.","IL.1b..19.","IL.2..36.","IL.3..18.","IL.4..39.","IL.5..52.","IL.6..38.","IL.9..33.","IL.1a..53.","KC..57.","MCP.1..51.","MIP.1B..75.","MIP.1a..77.","RANTES..55.","TNFa..21.","Severity","Sex","NK Cells","T cells","CD4+ T cells","Effector CD4 T cells","Tregs","Th1","Th17","CD8+ T cells","Effector CD8+ T cells","CD11b+ ccr2+","CCR2+ Ly6cHi","CCR2+ Ly6cLo","Neutrophils","Interstitial Macs","Avleolar Mac","DCs","Day_0_BW"
"1",0,1,19038.76221,0,284.0390879,243.3224756,48.534202,948.534202,1323.778502,1309.771987,142.019544,34.8534202,95.1140065,74.267101,37.1335505,39.7394137,54.723127,352.4429967,306.1889251,787.9478827,6903.583062,2676.872964,313.029316,12180.78176,379.1530945,"mild","Male",3.60782733707546,22.1545627417046,8.42162132464036,0,0.238079976558279,0.0595199941395698,0.69043193201901,8.48541454912841,0.000305230739177281,14.5236467590579,7.36728971620965,7.0009906889858,6.77031734948656,13.4108580975116,0.250414005637057,0.985936603216266,12.7
"2",0,2,23462.54682,0,239.7003745,216.8539326,0,1052.434457,1239.700375,1199.250936,207.4906367,40.0749064,45.3183521,71.1610487,28.0898876,15.3558052,68.164794,277.5280899,336.329588,740.0749064,4004.868914,0,208.988764,8441.947566,435.9550562,"mild","Male",7.01084821047237,14.3691808319809,2.61689587426326,0,0.0761937302468609,0.0331425642777825,0.270607328948492,10.4805671820278,0,8.74765069461936,6.09366220379377,2.59634574024917,9.40400302261146,6.63811978066691,0.342950146286644,0.316308538877371,12.5
"3",0,3,20200.6689,0,358.8628763,384.2809365,33.1103679,2328.428094,1526.755853,1990.635452,229.09699,46.1538462,181.6053512,93.9799331,27.4247492,79.9331104,87.9598662,438.1270903,452.5083612,833.4448161,5150.83612,1475.250836,286.9565217,8980.267559,615.3846154,"mild","Male",4.13966717511727,20.3823701443923,5.39779569460851,0,0.191529136513252,0.0607846960191759,0.853852946910876,11.3030862569243,0,8.32028331337448,5.76299116692767,2.49997441172557,10.4036806173939,6.18570946049682,0.592624435778549,0.805007113540291,14.4
"4",0,4,15982.9932,0,296.5986395,312.9251701,67.0068027,691.8367347,1616.666667,1229.591837,215.3061224,36.3945578,114.9659864,73.1292517,30.6122449,41.4965986,65.9863946,321.4285714,488.4353741,2437.07483,6336.394558,1175.510204,214.6258503,5570.748299,433.6734694,"mild","Male",5.1982334128636,22.3452967155693,6.4226610487842,0.00101527996344992,0.154322554444388,0.0984821564546424,0.912736687141479,12.0310675668816,0.00203055992689984,7.38672715640086,4.25173035537719,3.0506601523876,19.5195719188042,5.56621880998081,0.982958180654918,0.721223753853312,13.3
"5",0,5,20593.80165,0,293.8016529,234.7107438,40.7024793,1238.016529,969.0082645,912.8099174,130.785124,25.2066116,139.4628099,60.7438017,21.9008264,49.3801653,63.4297521,289.6694215,276.6528926,475.2066116,6562.190083,1920.454545,312.8099174,10845.66116,500.2066116,"mild","Male",1.9158183689809,20.5110516985017,2.01983014983415,0,0.0811363376415418,0.0482528880247055,0.198372984101567,14.1184376072286,0,8.84641183476233,4.27650341545327,4.48184128751409,7.23291246674667,7.5441134195144,0.256444186884842,0.767507335125096,16.6
"6",0,6,13697.5,0,86,162.5,0,880,953.25,585.5,124.25,19,0,53.75,11,10.25,62,208,316,722.75,4461.5,652.75,211.25,8454,374.5,"severe","Male",3.55789815218325,23.4830820909053,5.62901794376708,0,0.180042052224919,0.120240098482366,0.458057518028062,13.3227937691454,0,11.9968704066458,6.53964199523082,5.31282989452005,9.13651412775529,9.6942605904231,0.399540916268995,0.460234316796539,16.43
"7",0,7,20525.7732,0,219.9312715,206.8728522,0,1688.659794,964.604811,1100.343643,181.443299,36.7697595,32.6460481,101.0309278,7.5601375,41.9243986,40.2061856,215.4639175,374.9140893,719.5876289,8072.852234,524.742268,407.9037801,15405.84192,514.7766323,"severe","Male",4.27498832461172,30.2805685614724,8.38592247542181,0,0.0898106790884815,0.082625824761403,0.934031062520207,10.2599719790681,0,7.28740712384068,2.96159668690946,4.24620230037064,6.62487602011519,7.76070577180741,0.380204980076215,1.29896117907046,15.9
"8",0,8,20272.06349,0,109.2063492,356.5079365,62.5396825,1101.587302,1130.793651,1526.984127,206.031746,38.7301587,283.1746032,93.3333333,15.2380952,63.4920635,50.4761905,372.3809524,479.6825397,430.1587302,4673.333333,0,204.1269841,10013.33333,475.5555556,"severe","Male",2.64149163812567,22.1629460206674,10.5559452720188,0,0.310070207912096,0.0907810114419444,1.23025955116453,9.091659347202,0.000589487087285353,5.71456351872149,1.09518085068769,4.5071244210303,12.4173531803557,4.47795495527349,0.494113071456352,1.10755577555422,13.41
"9",0,9,26482.55034,0,169.4630872,359.7315436,0,576.5100671,1405.704698,1349.328859,222.8187919,30.8724832,208.0536913,72.147651,5.033557,93.2885906,59.3959732,340.2684564,430.8724832,608.3892617,7062.751678,512.4161074,259.0604027,8029.194631,502.6845638,"severe","Male",3.91576620290789,24.3632201715487,5.57467937977884,0,0.156230280822842,0.063971730587626,0.84816940758696,14.8162009495668,0.0017407273629286,11.2916497467353,8.86586590865374,2.36380345807775,5.87370963260595,10.5778067494497,0.358524439505012,0.0336617581055376,12.25
"10",0,10,20698.97959,0,319.8979592,482.6530612,86.7346939,1076.785714,1833.928571,1799.744898,191.0714286,41.0714286,501.5306122,68.3673469,27.0408163,120.4081633,131.6326531,708.4183673,485.2040816,579.3367347,5444.132653,1601.020408,249.4897959,7562.5,738.5204082,"mild","Male",2.39315257352941,25.44921875,8.42256433823529,0.000574448529411765,0.183823529411765,0.0947840073529412,0.959903492647059,12.0513556985294,0,10.5022029867041,8.51415370218739,1.93297461691426,8.25925059461145,8.8129215892697,0.330448005614692,0.506394510079152,12.43
"11",0,11,27384.50704,0,377.8169014,533.4507042,232.3943662,953.5211268,1761.619718,3230.28169,309.1549296,64.7887324,425.3521127,132.0422535,34.5070423,179.5774648,124.2957746,678.8732394,461.971831,960.915493,5303.521127,2678.169014,315.8450704,8557.746479,935.5633803,"severe","Male",3.43271497630557,27.592694020432,9.44324054009001,0.00297668659062225,0.417331460005239,0.117281451670517,0.941823637272879,10.1635986950206,0,9.29487310162063,5.82815207420243,3.34563245336867,10.1649169299766,10.16450922434,0.321272041585975,0.876567118540414,9.58
"12",0,12,16983.46457,0,251.9685039,200,0,944.488189,1105.11811,1260.629921,232.6771654,36.2204724,86.6141732,84.6456693,23.2283465,32.2834646,62.5984252,264.5669291,467.7165354,335.4330709,6129.527559,0,197.6377953,6920.472441,458.2677165,"mild","Male",1.62780331094271,34.2499654149438,11.2731912015617,0.00153711360806677,0.501099036229768,0.14295156555021,3.62912522864565,20.0885377438246,0,6.13769568097398,3.74550363482388,2.32930581991062,4.36681955007001,5.90543588539614,0.217167101280364,0.035216286694113,10.66
"13",0,13,20791.17647,0,168.627451,203.9215686,0,1427.45098,1066.666667,1148.039216,253.9215686,37.254902,0,93.1372549,44.1176471,0,40.1960784,240.6862745,548.5294118,773.0392157,4442.156863,0,372.0588235,13324.01961,463.7254902,"severe","Male",2.75334573497806,20.1836767866496,5.4714732070292,0,0.143582148855858,0.130939695497481,0.632122667918872,9.01858440643682,0.000903032382741245,15.3295842824601,8.26523348519362,6.84225512528474,11.5674829157175,13.6417995444191,0.21996013667426,1.21725512528474,12.36
"14",0,14,11953.77049,0,319.6721311,143.9344262,0,580.6557377,1002.95082,910.8196721,207.5409836,35.0819672,31.147541,79.0163934,9.5081967,13.442623,46.2295082,190.8196721,376.0655738,473.442623,3309.836066,0,239.0163934,6265.245902,418.0327869,"mild","Male",3.89853608793278,31.8187612146646,5.72523949130772,0.000980517124731583,0.220616353064606,0.14217498308608,0.654985439320698,20.3065096531911,0,4.00968744018963,0.82078235649191,3.11970908234324,12.3809313487331,3.50028708979285,0.389411539537417,0.286353665179689,12.43
"15",0,15,8332.786885,0,112.7868852,121.6393443,0,1170.819672,1105.901639,910.8196721,183.6065574,30.1639344,3.9344262,62.295082,4.9180328,13.442623,60.3278689,160.9836066,299.0163934,550.8196721,4713.442623,0,156.3934426,4755.409836,345.5737705,"severe","Male",6.0009296413292,29.3396700721895,8.10021154083307,0,0.258022899532333,0.0863238377111851,0.564425092726979,15.7412940986748,0,8.07735249491855,5.60104205433569,2.40474077467006,9.86516274942029,6.14783430190948,0.521742864504309,0.678480432853339,11.7
"16",3,16,26366.66667,0,721.4611872,352.5114155,133.7899543,1047.945205,1626.484018,1650.684932,289.0410959,42.0091324,19.1780822,86.7579909,48.4018265,118.2648402,191.7808219,410.9589041,447.9452055,881.7351598,10142.46575,1192.237443,210.0456621,16734.7032,735.6164384,"severe","Male",0.473818035109447,29.858980493709,7.28178568412756,0.0131355494881827,0.229872116043197,0.685863333990111,1.17938469333183,10.2447903472476,0.00187650706974039,9.22514310916726,7.17337572243713,2.00398776106512,10.6557753622523,8.2089072248307,0.255437229516783,11.635257688385,11
"17",3,17,6737.614679,116.0550459,0,0,0,933.0275229,0,0,22.9357798,55.9633028,0,63.7614679,0,18.8073394,311.4678899,49.0825688,118.8073394,878.8990826,19303.66972,0,115.1376147,4049.541284,82.1100917,"mild","Male",1.0149859693116,27.8928758599187,5.32436430699014,0.00132677904485177,0.141965357799139,0.263365640403075,0.686608155710789,8.4555628528403,0.00331694761212941,12.9171375498487,9.29815673590273,3.54428899886988,14.4876141485783,6.28320538300664,0.474130652221919,16.6491303274749,11.7
"18",3,18,28481.96721,275.0819672,411.147541,479.3442623,474.4262295,8810.163934,2173.114754,1703.606557,259.6721311,90.1639344,122.295082,87.8688525,63.6065574,242.295082,534.7540984,414.7540984,520.3278689,3883.606557,67624.91803,12054.42623,3387.540984,42338.03279,910.1639344,"severe","Male",1.55041268813724,31.4684145223067,5.03371635108162,0.0399201596806387,0.190429950908993,0.227113340885796,0.338242434050817,8.33953714193235,0.0269730808652964,10.7200244477085,0.0211945860155164,10.6815784544711,8.12541280152995,18.9006417523487,0.201102118472807,7.70497136266401,13.1
"19",3,19,37627.72277,254.4554455,703.960396,543.0693069,326.7326733,4398.019802,3002.970297,2381.188119,461.3861386,75.7425743,246.5346535,185.6435644,67.8217822,156.9306931,457.9207921,671.2871287,778.7128713,2306.930693,38265.34653,7605.445545,1274.257426,43607.92079,1551.980198,"severe","Male",2.03281260213086,27.1128831949801,6.79782992352441,0.0163409373161645,0.246748153474083,0.653637492646578,0.965749395385319,6.26511536701745,0.00653637492646578,13.7888198757764,8.71718426501035,4.95569358178054,9.36314699792961,17.6844720496894,0.579710144927536,17.967701863354,13.1
"20",3,20,35275.22124,0,466.0766962,517.9941003,299.1150442,1882.300885,2359.882006,2027.433628,211.5044248,54.2772861,423.5988201,102.6548673,40.4129794,116.519174,308.259587,798.820059,548.9675516,2417.40413,9332.448378,3461.356932,259.2920354,30623.89381,1140.117994,"mild","Male",0.952038800071852,18.9458287356617,6.36232218772186,0,0.107777977366625,0.451641048012523,0.420847340193487,5.62412858083776,0,7.96033152045987,5.35189980054262,2.55516049505073,14.3949999380567,8.78541607304352,0.167866301614242,4.86812274681302,13
"21",3,21,21158.16993,0,350.6535948,358.496732,0,2495.751634,1450.980392,1822.222222,304.5751634,45.0980392,79.7385621,100.3267974,32.0261438,39.869281,137.254902,398.3660131,460.130719,959.1503268,6974.183007,2407.843137,383.0065359,20515.03268,752.9411765,"mild","Male",1.73691609323049,23.5948157567177,9.09758871625226,0.00369056925353204,0.11776270981725,0.25934636663457,0.51869273326914,7.73140707985385,0.00033550629577564,12.0517708551355,8.13784442722269,3.83642853506355,5.36998172859899,10.4837113005504,0.617154752544137,16.4702821036435,16
"22",3,22,18605.08475,0,216.9491525,249.1525424,0,1363.389831,1462.372881,941.6949153,203.7288136,31.1864407,14.2372881,72.8813559,12.5423729,54.5762712,128.1355932,266.440678,379.3220339,820,6933.559322,1845.084746,229.8305085,8643.050847,469.8305085,"mild","Male",7.36501947632273,20.9631609285752,10.3296127443274,0.000349351080368216,0.11563520760188,0.304634142081084,0.638963125993467,8.74320948837534,0.000349351080368216,10.1244339276243,7.52764065113622,2.53641222308351,14.9055526090327,9.16323283423769,0.760882868915997,9.00167271837134,15.9
"23",3,23,16611.84834,0,413.2701422,412.3222749,138.8625592,3482.464455,1985.308057,1316.587678,370.1421801,61.6113744,57.3459716,114.2180095,13.7440758,113.2701422,206.6350711,394.3127962,575.8293839,2278.672986,26661.13744,3259.241706,836.9668246,21996.20853,709.9526066,"severe","Male",1.38531315592479,31.8387177266656,5.8624080787917,0.0610606349718916,0.19609857769819,0.294441427292342,0.712178367508697,6.81295777128682,0.0660511676378635,15.9044181664344,12.8997052920715,2.93318182375567,14.472162158848,21.7147832200418,0.520337299559777,18.1030782876693,12
"24",3,24,32085.55957,253.7906137,452.7075812,604.6931408,139.7111913,3962.093863,2415.162455,2282.67148,328.5198556,68.9530686,298.5559567,106.1371841,49.4584838,135.3790614,470.3971119,696.0288809,523.1046931,2363.176895,20133.213,6692.057762,1061.01083,20241.51625,959.2057762,"severe","Male",1.60875939249375,35.173044450143,8.3650650035562,0.0188696590397763,0.295140820878552,0.406423425472104,0.712208669398735,12.378012492682,0.0314494317329605,11.5048810474847,9.56832616615392,1.86629952577635,15.8114210278812,11.0470880854849,0.490654337984918,7.19154216171196,13.9
"25",3,25,52792.69103,170.7641196,667.1096346,761.461794,466.4451827,2728.903654,2844.186047,3998.006645,400.3322259,101.6611296,693.0232558,218.2724252,29.9003322,264.4518272,341.1960133,1152.159468,791.3621262,2115.946844,12566.11296,4950.166113,541.8604651,52298.00664,1991.694352,"mild","Male",5.11818746000662,11.6669721437093,5.27060442652312,0.000321554781680381,0.0479116624703768,0.0791024762933737,0.459823337802945,4.77380228882694,0.000321554781680381,7.66866386209436,4.34673295655746,3.25712828793609,9.01075086049377,9.86062125525857,0.430246887349679,11.105681383589,16.7
"26",3,26,38163.19613,1675.060533,502.1791768,461.5012107,308.716707,7160.290557,2072.881356,1350.121065,181.3559322,81.3559322,310.1694915,84.2615012,38.9830508,132.9297821,947.6997579,572.3970944,483.7772397,12468.28087,55752.54237,8129.297821,1792.736077,31318.15981,1085.230024,"severe","Male",3.19439579684764,26.8500875656743,4.12521891418564,0.0302977232924694,0.131873905429072,0.150963222416813,0.643957968476357,5.74570928196147,0.0352014010507881,22.6309468822171,21.1718244803695,1.38198614318707,26.5584295612009,10.768129330254,0.153117782909931,16.5842956120092,16.8
"27",3,27,40536.61417,0,458.6614173,606.6929134,77.5590551,1544.094488,2240.551181,3199.606299,311.8110236,60.2362205,471.6535433,105.511811,51.1811024,246.0629921,209.4488189,786.2204724,616.5354331,1056.692913,15026.37795,2292.519685,277.5590551,10892.91339,1092.913386,"mild","Male",2.03957562361069,17.1736507530717,3.1076872235022,0.000935299124248253,0.0689003688196213,0.112859427659289,0.319560534118153,10.4731678269572,0.000311766374749418,9.13673387635198,6.78185147740496,2.3143467561948,6.71365621959827,8.28834671804361,0.463060107204853,8.33269748011369,19.9
"28",3,28,42207.11744,182.9181495,446.2633452,510.6761566,234.8754448,2580.782918,2025.266904,1572.241993,327.7580071,59.7864769,216.7259786,133.4519573,46.2633452,112.8113879,229.5373665,547.6868327,545.1957295,4644.483986,27688.6121,6416.725979,1184.341637,29793.95018,903.5587189,"mild","Male",0.971892549065015,29.3811150350258,6.46673999884212,0.0101314189775951,0.282956058588549,0.58472760956406,0.715712383488682,4.45710067735773,0.0159208012505066,11.75253733273,10.1428663779171,1.55980163091159,26.623754421285,17.0737788941939,0.178236657647091,14.8665995585641,12.2
"29",3,29,25805.80645,0,314.516129,592.9032258,94.516129,1806.774194,1835.806452,2275.806452,318.0645161,59.3548387,382.9032258,112.2580645,29.0322581,139.6774194,176.7741935,592.2580645,529.6774194,741.9354839,12895.80645,2998.387097,453.5483871,9094.516129,819.0322581,"severe","Male",2.98503751499667,23.6962994734846,5.94334520634802,0.00435136663993684,0.134270742032337,0.264811741230442,0.645245510322063,12.454232947305,0.00248649522282105,10.8180527623329,7.50739382467763,3.24145273867266,11.8023187034189,9.29965692653496,0.406364604282503,13.7046019164794,11.9
"30",4,31,28872.75862,0,596.2068966,863.1034483,557.5862069,2467.586207,3037.931034,5203.103448,354.8275862,102.7586207,761.0344828,216.5517241,64.137931,346.5517241,382.4137931,1259.655172,873.1034483,1495.172414,9639.655172,3771.37931,530.3448276,23195.51724,2067.241379,"severe","Male",5.40179042394466,16.6386598948051,6.59352252347294,0.00113031814688108,0.128102723313189,0.136014950341356,0.225686856660588,6.46768043645351,0.00263740900938918,11.4279902211857,9.60517855780652,1.73781008322163,16.5055632444449,13.5922612236595,1.27320742928341,1.95612610747251,16.4
"31",4,32,45339.72603,84.6575342,766.0273973,740.2739726,337.5342466,4552.60274,2686.849315,3520.547945,240.5479452,75.3424658,555.0684932,140.8219178,61.9178082,490.9589041,392.6027397,887.1232877,1056.164384,2527.39726,21176.9863,7026.575342,1247.945205,31349.86301,1399.452055,"severe","Male",8.60816,15.69632,1.77424,0.00784,0.04608,0.0496,0.06112,11.94304,0.23472,15.4107142857143,13.2028571428571,2.08446428571429,20.2717857142857,6.85196428571429,0.167321428571429,3.72910714285714,16.4
"32",4,33,45004.57516,118.3006536,516.3398693,591.503268,345.751634,3926.470588,2573.529412,2884.96732,216.9934641,84.9673203,374.5098039,163.3986928,39.869281,154.248366,399.6732026,742.4836601,540.8496732,14955.88235,28636.60131,4953.594771,779.4117647,41852.94118,1424.183007,"severe","Male",0.925010180929664,26.1024492407935,3.85469389338143,0.0150289914092346,0.173075804293443,0.166288517850563,0.115868675703454,3.19050943432816,0.190044020400644,15.0417788731127,13.3159341229898,1.64900208375158,40.2067136953015,13.1885552886446,0.674969366774892,0.278987338266956,13.6
"33",4,34,19960.36036,0,262.3873874,335.1351351,107.8828829,2022.297297,1675.45045,995.045045,154.2792793,31.0810811,132.2072072,72.2972973,30.8558559,62.6126126,289.4144144,382.6576577,341.8918919,1155.855856,7754.954955,2062.162162,152.027027,8474.324324,815.3153153,"mild","Male",2.76479838256767,20.5211726384365,8.38312928226441,0.00336965067954622,0.060653712231832,0.186454004268224,0.134786027181849,9.83264068291587,0.00168482533977311,15.9125606742111,10.682084249009,5.1264145905646,13.838170154792,9.38678825470503,2.24486023537144,0.393654966556443,18.3
"34",4,35,11725.75453,7334.406439,1231.187123,650.7042254,886.3179074,23050.30181,3955.533199,1845.875252,152.917505,243.6619718,187.9275654,167.4044266,63.7826962,565.7947686,15713.07847,595.9758551,793.360161,15694.16499,339324.3461,91548.08853,14008.2495,168455.5332,1688.933602,"severe","Male",4.0131010867947,25.5524787851719,4.13934792317999,0.0178651183564091,0.111954741700164,0.114932261426232,0.323358642251005,8.5764478189668,0.151853506029477,11.8070981926163,10.3440596179653,1.4230648431031,16.1265454130143,6.67561316848928,2.08548668018159,0.551066442052366,16.3
"35",4,36,28968.39623,4154.481132,672.6415094,718.3962264,618.1603774,10038.4434,3576.650943,2915.330189,196.9339623,114.8584906,607.0754717,185.8490566,51.4150943,325.7075472,1982.075472,916.0377358,427.5943396,7841.981132,60297.87736,10090.80189,2225,50145.75472,2229.245283,"severe","Male",0.615240625150541,42.2310386830823,7.64577555416388,0.0578078439738764,0.379536023233248,0.272866787329071,0.386762003729982,7.85464079995045,0.570508364932661,12.6744916011947,11.1054463827116,1.49751745391596,20.5836361215211,13.8459489793977,0.641847546940095,2.06593490212491,11.6
"36",4,37,94029.23077,8181.230769,1215.384615,950.4615385,1721.230769,58931.69231,5530.153846,3652,224,284.6153846,448.3076923,193.2307692,97.5384615,859.6923077,2895.076923,1436.923077,1589.538462,15637.84615,218900.3077,48806.46154,16693.23077,125899.0769,1962.769231,"severe","Male",2.29901865727392,27.0322250444259,3.17672752241956,0.0594464171612587,0.252726746755084,0.148457095263678,0.201227711567256,7.15423325248197,0.389103821419148,19.9947743618896,18.4465025298444,1.42963572359199,31.7514008594056,13.1721388748636,0.694162467913523,1.38726568485871,13.8
"37",4,38,51635.06494,0,748.4848485,1047.186147,401.2987013,4031.601732,3328.138528,4995.238095,441.1255411,119.047619,710.8225108,210.3896104,59.3073593,319.9134199,462.7705628,1541.558442,888.7445887,1634.632035,15316.45022,5967.532468,623.3766234,33359.30736,2048.484848,"mild","Male",7.99991035678002,12.2000687264687,4.80823821191657,0.00186756708300962,0.0362308014103867,0.0530389051574733,0.0747026833203849,6.13682543476962,0.0014940536664077,7.48021929960196,3.70520902821649,3.69637342781535,6.86614507172299,16.3639737229244,1.36775094209589,1.95576014879151,17.5
"38",4,39,24170.36145,0,451.0843373,569.1566265,338.313253,1279.036145,1747.46988,3252.289157,201.2048193,66.2650602,622.6506024,120.4819277,21.686747,187.2289157,240.9638554,813.4939759,712.0481928,668.1927711,5317.590361,2497.590361,142.6506024,11471.80723,1230.843373,"mild","Male",6.17204855187014,16.4973293685889,4.44223149186276,0.00557106943641669,0.0452649391708856,0.0835660415462503,0.0863515762644587,6.24516883822311,0.0362119513367085,11.3879652315949,8.89992416287481,2.38376502158441,15.8003733520009,11.8852817640882,1.9491599579979,0.490024501225061,14.9
"39",4,40,32203.06122,2603.741497,682.9931973,865.6462585,521.0884354,14222.10884,3441.496599,3353.741497,313.2653061,114.2857143,885.7142857,184.3537415,25.5102041,367.3469388,914.2857143,1211.22449,1151.360544,5530.272109,96272.10884,17115.30612,8636.054422,98736.73469,1652.040816,"severe","Male",1.83224605291349,32.2726500336158,5.25662526874173,0.00517166224612679,0.107127289384055,0.1736200896914,0.2896130857831,14.5198111604471,0.0317687823690646,9.32130000679209,7.49167968484684,1.75066222916525,27.0130068600149,8.49690959722883,1.38049310602459,0.820994362561978,15.3
"40",4,41,2860.614525,0,0,0,0,1095.530726,0,0,11.7318436,42.7374302,255.027933,0,0,120.9497207,0,0,84.0782123,22.3463687,3203.631285,0,60.6145251,871.5083799,0,"mild","Male",1.59225283216833,34.1178805881269,8.05413376058075,0.013469636603383,0.189992768931929,0.280735583944193,0.463639070453289,13.0095421741411,0.0879071020431312,7.88957228038875,4.93168693365886,2.8808864265928,20.3756044884736,4.80679844124137,3.38325742992629,2.34189398563313,11.4
"41",4,42,32181.29496,0,944.9640288,961.5107914,733.4532374,4169.064748,4155.035971,6101.079137,511.5107914,161.8705036,1021.942446,440.2877698,41.0071942,334.1726619,507.1942446,1264.028777,1325.539568,1305.035971,7781.654676,3393.165468,291.7266187,23883.45324,3304.316547,"mild","Male",1.01430429128739,33.5934113567404,7.75032509752926,0,0.104031209362809,0.156046814044213,0.329432162982228,15.9254442999567,0.0433463372345037,8.49909584086799,4.64831868212274,3.74311427944266,16.9354754413655,7.1726473570331,2.46370297588561,2.97379506423188,14.9
"42",4,43,217582.8402,77860.35503,4231.360947,2026.035503,3681.656805,72320.71006,16491.12426,8928.402367,551.4792899,1196.449704,565.6804734,536.0946746,352.6627219,3662.721893,19707.10059,2735.502959,4872.189349,145769.8225,1255317.16,426111.8343,76085.2071,259797.6331,7144.970414,"mild","Male",1.2257148771328,19.3354427260451,3.98024662152172,0.00591418517313777,0.0256281357502637,0.0689988270199407,0.206996481059822,7.35626065785453,0.0473134813851022,13.1522031878688,10.4279056860937,2.56025202608405,39.9944502028124,8.9841422706832,0.535392199270365,0.258718486537661,14.7
"43",4,44,57217.98246,0,880.7017544,871.9298246,406.5789474,2133.77193,3918.859649,4023.684211,427.6315789,110.5263158,1202.631579,188.5964912,50,349.122807,254.8245614,1561.842105,1095.614035,1332.45614,12088.59649,5040.350877,474.5614035,25835.96491,2240.350877,"mild","Male",2.08325266214908,22.2389157792836,6.71403678606002,0.00271055179090029,0.142497579864472,0.085188770571152,0.762826718296225,13.4257502420136,0.0143272023233301,16.8293876465083,11.2137322254054,5.45649767439651,6.38863946256942,13.5573894328758,1.16161400208093,1.75501109353249,13.3
"44",4,45,38068.16609,0,221.4532872,711.7647059,101.384083,2609.342561,1947.404844,3054.67128,275.7785467,58.1314879,532.5259516,163.3217993,5.1903114,149.8269896,180.2768166,865.7439446,812.1107266,1082.00692,7735.640138,2604.49827,344.6366782,17535.64014,1294.809689,"mild","Male",2.58214754393639,22.4974054156052,7.55002616027241,0.0047174261722804,0.155246206760501,0.154817349835748,0.649289384075685,9.59524483441834,0.0124368508178302,9.86865769811825,6.96946651182389,2.82057079432289,11.77815689136,13.1316608943198,0.735331901380225,0.497415290381592,14.8
"45",5,46,36837.80161,2312.064343,808.0428954,500,569.1689008,12040.75067,2796.246649,1545.576408,213.6729223,94.1018767,175.0670241,119.0348525,34.8525469,208.310992,982.0375335,510.7238606,806.9705094,4792.761394,60571.31367,27826.00536,7013.941019,144023.3244,937.8016086,"severe","Male",0.769494949494949,25.8846464646465,4.35757575757576,0.0995959595959596,0.198989898989899,0.130707070707071,0.113939393939394,5.41838383838384,0.0557575757575758,9.82822464513475,9.53404649249126,0.276349173695399,15.053829801824,8.06967016388946,0.286635123088528,0.123774257697319,12.1
"46",5,47,30714.67066,0,517.6646707,898.8023952,303.5928144,1750.299401,3010.778443,3944.311377,272.4550898,84.7305389,985.3293413,128.742515,17.6646707,300.8982036,266.4670659,1287.125749,1172.45509,1068.562874,5944.311377,3103.293413,408.6826347,36795.80838,1604.790419,"mild","Male",5.13344201065537,17.3574547021679,6.36761665636106,0,0.0252955835784819,0.0315414066842799,0.269194975859894,7.9371920028481,0,14.0432067578764,8.27193177454884,5.6225370329204,4.8234747286947,10.2055251298426,0.549279550552715,1.57912818543742,13.8
"47",5,48,18182.61965,0,435.5163728,666.2468514,266.4987406,1607.304786,2187.90932,2738.790932,215.6171285,61.7128463,636.0201511,136.5239295,20.6549118,186.1460957,283.8790932,949.1183879,801.0075567,847.1032746,6267.002519,4219.899244,653.9042821,52767.00252,1160.453401,"mild","Male",1.54002521216649,17.1668995140732,3.66689771833485,0.00251403369523447,0.0668014667590873,0.0894277700161976,0.471560891691837,9.38488778431027,0.00502806739046894,11.304237333476,6.95220961960302,4.21961104274785,5.18531646246857,7.72296827350061,0.935945107270879,1.8752340698732,14
"48",5,49,31223.25581,5374.127907,1200.872093,1511.627907,9773.837209,45914.24419,5714.825581,3450.290698,252.0348837,382.5581395,545.0581395,285.1744186,104.3604651,747.6744186,6513.081395,1075.290698,962.2093023,11368.31395,736449.7093,316591.8605,105916.5698,811635.7558,2922.093023,"severe","Male",0.504020979020979,39.8895104895105,4.71223776223776,0.0928321678321678,0.27972027972028,0.151223776223776,0.328321678321678,8.81416083916084,0.0708041958041958,19.658237019551,0.241320073389349,19.3058980262005,6.82123616645826,23.6332986642671,0.234308352128642,0.150752007105211,11.8
"49",5,50,25518.07229,0,138.1526104,915.2610442,59.8393574,2445.381526,2611.646586,3891.164659,41.7670683,73.8955823,405.2208835,96.7871486,36.1445783,464.2570281,285.1405622,1115.261044,780.3212851,2806.425703,14019.27711,5666.26506,1625.301205,33848.59438,995.9839357,"severe","Male",1.90456730769231,21.0302884615385,2.92644230769231,0.0389423076923077,0.0836538461538462,0.065625,0.269471153846154,8.5125,0.0754807692307692,10.9997807017544,10.2826754385965,0.650657894736842,16.2078947368421,4.61622807017544,0.221271929824561,4.48552631578947,7.3
"50",5,51,48103.67647,6082.352941,802.6960784,767.8921569,662.5,11422.79412,3167.156863,3069.852941,224.2647059,137.9901961,466.9117647,167.8921569,65.4411765,466.6666667,1812.009804,1224.019608,690.9313725,7169.117647,90386.76471,21677.69608,7131.127451,113268.8725,1563.480392,"severe","Male",0.440542468383676,26.3643582301139,4.31929010753364,0.00942096928315396,0.137725598568013,0.05787166845366,0.234178379324113,8.0647983239647,0.00807511652841768,11.6289205551097,10.1088002211084,1.45261848700191,14.0425102182914,9.53157970267297,0.339635277421961,0.633029132096331,9.1
"51",5,52,38893.93939,0,295.5922865,612.3966942,243.2506887,2709.917355,2444.077135,2141.322314,209.3663912,63.0853994,701.1019284,88.4297521,33.6088154,98.0716253,201.9283747,974.3801653,836.6391185,893.9393939,6355.096419,2801.652893,268.8705234,16009.36639,1064.738292,"mild","Male",1.22204650974191,22.3785049571194,5.67686474869736,0.00405490339192669,0.0724813981306895,0.0643715913468362,0.206800072988261,12.8976339638708,0,10.7531816207623,7.85141236919093,2.80179301641413,7.14748133640364,8.35784936367585,0.91125879913791,2.0503322980603,13
"52",5,53,918.9922481,0,0,76.3565891,0,24.8062016,0,907.751938,0,0,0,0,0,0,0,111.2403101,0,157.751938,0,0,33.3333333,2536.434109,0,"mild","Male",1.46652008436449,18.1087895607908,3.95652719440279,0.00209118773488519,0.0337577448631467,0.0236005472937043,0.190298083874553,12.6161356045624,0.00298741104983599,6.6315134663477,3.99043098157588,2.57052558626938,4.68598005202006,9.39659239404984,0.66256685161759,0.159066143961123,11.3
"53",5,54,43930.50193,0,667.5675676,869.1119691,657.1428571,6307.335907,3401.544402,4455.212355,435.5212355,109.2664093,530.8880309,198.4555985,59.0733591,255.984556,412.7413127,1072.200772,638.996139,4255.212355,19264.47876,8271.042471,1264.478764,103483.7838,1972.200772,"mild","Male",0.523843930635838,20.8096590909091,3.11145231213873,0.00246321597477667,0.0718437992643195,0.0431062795585917,0.0915495270625328,8.39258736205991,0.00164214398318445,10.0862063191174,9.39762748420891,0.640351523514163,12.8277950071336,8.01779051931437,0.491650646714849,0.159418057109175,11.5
"54",5,55,34690.49587,0,518.1818182,815.7024793,364.8760331,2596.694215,2893.38843,3933.057851,411.9834711,104.1322314,614.8760331,200.8264463,53.7190083,273.9669421,215.2892562,1033.884298,763.2231405,1401.652893,12713.22314,6369.421488,1041.735537,102423.5537,1597.107438,"mild","Male",1.36072169053536,15.2528525724643,4.34716939680622,0.010984635241456,0.0552664460585756,0.0906232407420121,0.257795658322921,7.69302063738346,0.00652212717461451,7.17506378765376,6.51624205034464,0.61578887238661,6.3403023725199,6.38752427739061,0.522487528085609,0.140904070985186,11.3
"55",5,56,41847.51958,4665.274151,488.772846,451.4360313,172.3237598,4655.874674,2462.924282,2213.83812,163.7075718,77.8067885,255.0913838,105.2219321,19.5822454,222.7154047,1487.467363,665.2741514,573.6292428,6993.994778,40867.88512,10869.97389,2218.276762,60409.39948,1041.253264,"severe","Male",1.30844493893798,29.1338553080164,3.33219315819742,0.0206735052116027,0.108253990926211,0.0984810611898166,0.274393796444909,8.93057836949944,0.0541269954631053,13.2955858562514,11.890455280795,1.34504275479547,12.0291194823203,8.49780448347585,0.543101455974116,2.04067483244742,15.5
"56",5,57,12133.04348,255.942029,185.5072464,588.115942,0,1180,0,2355.652174,62.8985507,53.3333333,292.4637681,132.7536232,8.4057971,170.1449275,0,366.6666667,176.2318841,5237.391304,60103.76812,9683.768116,808.4057971,99256.52174,735.942029,"severe","Male",1.09991699677431,13.6433445826727,3.70283851150862,0.00795240485693127,0.126244427103784,0.0342947459455161,0.218194108262052,3.13921181727362,0.00497025303558204,7.09555430500844,6.44501969611705,0.619471018570625,11.3544175576815,10.0893640967923,0.616769836803602,1.09172763083849,10.3
"57",5,58,38407.76699,0,276.1165049,276.1165049,0,1761.941748,1105.048544,971.4563107,124.8543689,32.6213592,131.0679612,46.7961165,29.7087379,31.2621359,119.8058252,298.8349515,302.7184466,736.1165049,6046.796117,2548.15534,410.4854369,32929.70874,562.1359223,"mild","Male",1.36832382330949,18.4987624306741,4.03259665636359,0,0.0407858065393243,0.050782327749943,0.351477685765354,10.0940872576343,0,10.2729036430265,7.25199396421643,2.90536753610692,5.22483293813322,8.5324423367105,0.578572968312136,0.179780125026945,13.6
"58",5,59,32145.61404,0,921.754386,606.6666667,86.3157895,2747.368421,2084.561404,2851.578947,236.8421053,64.5614035,182.8070175,210.1754386,45.6140351,131.5789474,249.122807,676.4912281,643.5087719,1138.596491,11786.66667,3946.666667,799.2982456,78050.87719,1227.368421,"mild","Male",0.950897466084657,7.55284273061528,1.99326221224031,0.00633931644056438,0.0289797322997229,0.0217347992247922,0.0208291825904258,3.89415152777526,0.00090561663436634,6.37829691032404,4.56186887716654,1.73082140165787,5.34378296910324,7.5490580256217,0.619140919366993,0.951921627731726,13.3
"59",5,60,46830.76923,2397.202797,997.2027972,757.6923077,1259.090909,5940.909091,4474.475524,3684.265734,295.4545455,109.4405594,591.6083916,160.1398601,56.2937063,463.2867133,1479.72028,938.8111888,791.958042,9350.699301,95406.99301,33404.54545,9973.076923,138030.7692,1918.181818,"severe","Male",1.23882575757576,36.3367424242424,2.51420454545455,0.0727272727272727,0.323484848484848,0.509659090909091,0.148674242424242,12.1075757575758,0.134090909090909,12.6475586789766,12.2598104512119,0.35329873072742,8.26787928896238,13.3112856552294,0.183730650865831,0.305834979253747,11.3
"60",8,62,9687.837838,8450,651.6891892,2038.513514,37138.51351,17864.86486,4495.439189,1722.972973,121.1148649,272.972973,519.5945946,196.2837838,56.4189189,305.9121622,3245.945946,589.6959459,1071.959459,8232.939189,0,409469.9324,0,547724.6622,2305.236486,"severe","Male",3.52459889767491,20.9018788604787,4.65340045009993,0.129476379440055,0.365827276572525,2.38643371681159,0.114623727434463,7.3898401402607,0.0287366527934287,22.7219468548948,22.5856045220207,0.11823436678928,8.92687222166991,4.49894192668759,0.0149124426581074,1.14896820099132,18
"61",8,63,17502.47934,106.1983471,221.6942149,195.2479339,79.9586777,3269.008264,1459.504132,573.9669421,105.9917355,25.2066116,19.6280992,58.0578512,28.3057851,25.2066116,170.661157,242.3553719,545.661157,1328.099174,4882.644628,4285.950413,611.7768595,80529.75207,427.6859504,"severe","Male",1.2820987654321,14.5308641975309,4.41625514403292,0.0454732510288066,0.0905349794238683,0.277777777777778,0.181893004115226,6.81008230452675,0.0088477366255144,9.25755555555556,7.58066666666667,1.56888888888889,6.388,11.3942222222222,0.255111111111111,0.152888888888889,18.2
"62",8,64,22539.54802,0,0,555.3672316,26.5536723,9441.242938,2720.338983,3572.316384,423.1638418,68.9265537,177.9661017,181.3559322,16.3841808,266.6666667,466.6666667,521.4689266,686.440678,1483.050847,12953.10734,8031.638418,1224.293785,40123.72881,1434.463277,"mild","Male",6.47274350170241,13.8841499845236,3.28604026749016,0.00503883502134307,0.00503883502134307,0.0676643560008926,0.0993370332779061,8.46380316870739,0,7.04405659095194,5.48592021675369,1.51955561985681,4.75551639024433,5.22550012494903,0.857106531107925,1.97550998934645,12.5
"63",8,65,23653.80282,0,445.0704225,349.0140845,55.4929577,3464.507042,1462.253521,1244.507042,154.6478873,34.3661972,108.4507042,98.028169,23.0985915,56.3380282,245.6338028,343.3802817,416.056338,1071.830986,6093.802817,5891.549296,988.7323944,147627.8873,616.056338,"mild","Male",4.08415345787653,11.6108269793155,1.42815174863461,0,0.0013353452535153,0.00867974414784943,0.0534138101406118,8.53152082470923,0,12.6797530007048,6.95711174929782,5.54906849286248,7.62825974900327,8.16002356381692,1.12191119386499,1.27444483016169,13.5
"64",8,66,39238.00475,1162.945368,581.9477435,309.7387173,563.6579572,15104.98812,1024.703088,1234.204276,50.3562945,151.7814727,83.1353919,125.415677,51.7814727,229.6912114,1636.104513,213.7767221,311.6389549,4400.23753,36919.95249,14536.10451,2203.562945,102508.3135,631.1163895,"severe","Male",0.814333333333333,29.5055,1.96866666666667,0.0188333333333333,0.123,0.268333333333333,0.0585,18.8028333333333,0.0336666666666667,10.161252446184,8.19099804305284,1.85929549902153,13.2610567514677,6.88649706457926,0.0939334637964775,7.26849315068493,11.9
"65",8,67,11375.18072,0,154.2168675,147.9518072,23.8554217,4589.39759,1491.807229,669.3975904,112.5301205,31.3253012,10.1204819,58.0722892,21.686747,19.7590361,215.9036145,227.7108434,289.6385542,1442.409639,3122.168675,2015.903614,257.5903614,47384.81928,471.0843373,"mild","Male",0.603933703418418,34.4803314829079,3.34006215304523,0.0368535684878748,0.0484740630561237,0.441246779462934,0.0458179500119525,22.2871125395097,0.0332014130521395,10.3232443715521,7.70896078723722,2.48635753690174,9.40539734605636,8.82391531236022,0.30326524526614,2.62263306992694,16.2
"66",8,68,23982.87462,0,105.1987768,198.7767584,0,1712.844037,1166.055046,716.2079511,177.3700306,23.2415902,29.0519878,58.1039755,37.3088685,25.0764526,122.0183486,233.3333333,333.6391437,744.0366972,6436.391437,2625.688073,321.4067278,51642.20183,423.853211,"mild","Male",1.76000367265194,16.7283557422487,3.2416891903524,0,0.00860777798819013,0.0327095563551225,0.133707484749887,11.4271122052553,0,7.76764527985856,1.55709610881062,6.03142108283317,3.67406442407606,6.72932272522837,1.03444532328355,1.12362164425627,16.6
"67",8,69,38248.07018,4511.578947,1038.947368,928.0701754,2998.245614,24671.22807,3747.017544,1823.157895,203.5087719,271.5789474,493.3333333,136.4912281,92.2807018,272.6315789,1637.54386,764.9122807,631.2280702,11671.92982,96152.63158,103906.3158,20397.54386,386808.4211,1572.631579,"severe","Male",1.20500667923216,15.732336633301,2.32034695408714,0.0393434223287646,0.0443757205336066,0.174300510549527,0.047578092118506,10.0934177539481,0.0205866744743536,6.03630070622128,5.22748822532759,0.750262954730335,14.04152353121,5.57049518391287,0.491194254892512,2.52125658682169,10.9
"68",8,70,46125.56391,0,129.3233083,441.3533835,0,2197.744361,1763.157895,2720.300752,251.8796992,77.8195489,237.2180451,90.6015038,19.5488722,148.4962406,275.5639098,578.5714286,508.6466165,903.7593985,6164.661654,3117.293233,532.3308271,117328.1955,1269.548872,"mild","Male",0.837993868463325,32.1175976133935,4.07032960232679,0.0131500576281937,0.0239795168514121,0.392696818975275,0.0520845419783359,19.0714512248892,0.00464119680995073,7.68714637472654,5.37401187775215,2.19423214358161,3.93282797232478,5.83464146727377,0.294603206306506,3.79613707787324,14.9
"69",8,71,24024,917.5384615,532,482.4615385,1502.461538,11842.15385,2269.538462,985.2307692,137.2307692,145.2307692,67.6923077,115.3846154,35.0769231,378.7692308,779.6923077,396.3076923,460.6153846,2702.769231,36203.38462,145032.6154,30544.92308,245650.1538,601.5384615,"severe","Male",1.79349315068493,42.4861301369863,2.80753424657534,0.0205479452054795,0.0585616438356164,0.289897260273973,0.0573630136986301,26.5056506849315,0.0186643835616438,13.5991319444444,8.49166666666667,4.81388888888889,8.27552083333333,9.87795138888889,0.0944444444444444,4.80520833333333,13
"70",8,72,34841.16505,0,363.4951456,388.7378641,255.9223301,13111.26214,1613.980583,780.776699,87.5728155,44.4660194,40.3883495,72.815534,33.7864078,91.6504854,266.407767,360.9708738,309.5145631,2685.631068,21922.3301,8135.728155,1601.359223,340094.5631,515.9223301,"severe","Male",0.669834710743802,17.0371900826446,1.14194214876033,0.0111570247933884,0.0121900826446281,0.0520661157024793,0.0326446280991736,8.88904958677686,0.00413223140495868,11.1617067833698,10.0562363238512,1.0363238512035,6.09234135667396,20.8846827133479,0.137855579868709,3.68512035010941,15.9
"71",8,73,44411.22449,0,0,229.2517007,0,903.4013605,1829.251701,871.0884354,169.047619,36.3945578,0,39.1156463,5.1020408,0,58.1632653,159.1836735,507.1428571,636.7346939,7701.360544,2820.408163,366.3265306,21065.64626,586.7346939,"mild","Male",0.642754911740469,22.5571409983953,5.28256061066054,0.00607190874788567,0.0208179728498937,0.021685388385306,0.151797718697142,11.9755388819014,0.0147460641020081,11.2131508108463,4.1034731796993,6.85115882082595,14.2316656818331,9.37069135316132,2.84370691353161,0.871577703368131,9.4
"72",8,74,63177.33333,0,476.8888889,895.5555556,151.1111111,4160.444444,3804.888889,3295.555556,433.3333333,78.2222222,994.2222222,142.6666667,23.1111111,226.6666667,382.6666667,1112,1037.333333,1711.111111,7648.444444,5477.333333,994.2222222,52248,2103.111111,"mild","Male",0.795070798033059,20.1220451448546,2.77149120208543,0.00177735647846436,0.0118490431897624,0.0361395817287754,0.063392381065229,13.8580484625866,0.00592452159488121,8.57871618905625,4.24989219963896,4.18338485825166,7.20983431632646,12.416409042075,0.795164697026172,0.536443830530524,8.8
"73",8,75,11081.13208,0,596.2264151,546.7924528,163.3962264,7873.207547,2995.471698,1815.09434,211.3207547,86.4150943,392.4528302,121.1320755,19.6226415,104.9056604,487.1698113,667.1698113,521.1320755,1992.075472,8598.113208,8490.188679,2507.54717,87545.28302,1412.075472,"severe","Male",1.95631067961165,22.7754854368932,1.24441747572816,0.00970873786407767,0.0305825242718447,0.128398058252427,0.0237864077669903,9.72669902912621,0.00703883495145631,19.8857142857143,17.1117760617761,2.51795366795367,5.3515444015444,12.5658301158301,0.0677606177606178,4.21660231660232,8.2
"74",0,76,2897.31343283582,0,0,234.925373134328,21.7910447761194,631.641791044776,1629.55223880597,309.253731343284,30.4477611940298,13.134328358209,310.746268656716,23.5820895522388,17.6119402985075,59.7014925373134,361.492537313433,216.417910447761,279.701492537313,285.373134328358,3271.34328358209,858.805970149254,160.89552238806,2040.59701492537,276.417910447761,"severe","Female",4.35046785757686,38.969035177566,27.3023974445775,0.00983745059574443,0.548003865539411,0.605871221984966,0.2395708556846,10.6875220619296,0.00115734712891111,4.8126288555605,2.57508994623439,2.18700731697457,6.01460699896242,5.77744539219253,2.5535298001644,1.90874668175877,9.5
"75",0,77,3728.08398950131,44.6194225721785,0,215.748031496063,65.8792650918635,927.034120734908,1643.04461942257,361.942257217848,50.1312335958005,34.9081364829396,287.926509186352,20.7349081364829,21.5223097112861,41.994750656168,223.359580052493,0,215.223097112861,486.351706036745,4418.89763779528,973.228346456693,149.081364829396,7883.20209973753,329.396325459318,"severe","Female",8.41486883419427,16.7147776764914,9.58219386204801,0.00405145345892839,0.082548364225666,0.0769776157196394,0.18332826901651,6.72541274182113,0.0010128633647321,11.4706788473992,6.53760790699721,4.81926953328848,7.24242214663406,8.19495878628599,3.16191865399971,2.20309464378902,10.6
"76",0,78,2432.69841269841,53.968253968254,0,282.539682539683,150.47619047619,1070.79365079365,1941.26984126984,743.809523809524,90.4761904761905,13.968253968254,365.714285714286,25.0793650793651,40.3174603174603,50.7936507936508,364.761904761905,0,289.206349206349,529.52380952381,4101.5873015873,841.904761904762,134.603174603175,4070.15873015873,501.269841269841,"mild","Female",5.74278827596264,22.711247973512,15.0127379247047,0.0120088179034319,0.343966855662587,0.216158722261775,0.243607448898191,7.20529074205917,0.000857772707387996,7.26085286208221,3.20661102982647,3.89403388888435,12.9196262904505,6.26200537840953,1.87999117221537,1.59799249638306,11.3
"77",0,79,2717.66467065868,50.8982035928144,0,194.311377245509,120.658682634731,1757.78443113772,1917.96407185629,412.874251497006,68.562874251497,22.1556886227545,157.185628742515,17.9640718562874,44.6107784431138,35.6287425149701,330.538922155689,0,116.167664670659,382.335329341317,3868.26347305389,1335.02994011976,218.862275449102,6751.19760479042,277.245508982036,"mild","Female",6.64174165293679,25.7375410136172,15.3098728401842,0.0147860250939969,0.498500274597609,0.366130145184685,0.378803880979539,9.61514088969625,0.00633686789742723,3.78009689287145,2.66091137580592,1.08549156740611,6.12592430699741,3.93217498998288,2.87764543037191,1.48799766874294,10.5
"78",0,81,2690.9626719057,33.3988212180747,0,273.084479371316,0,1241.45383104126,1115.52062868369,580.353634577603,26.5225933202358,43.0255402750491,372.888015717092,11.7878192534381,20.6286836935167,23.3791748526523,126.522593320236,408.055009823183,248.722986247544,450.49115913556,3600.7858546169,649.115913555992,90.3732809430255,4265.61886051081,404.322200392927,"severe","Female",6.88527390991299,21.6028214734633,11.7221727298244,0.0274581111260266,0.263597866809856,0.269089489035061,0.179392992690041,9.17894145930708,0.000610180247245036,5.34146758930973,3.92877228158545,1.36256938161723,5.58781817737242,8.55136073550627,2.1578599897303,1.3564564637993,16
"79",0,82,3147.31182795699,285.663082437276,0,367.383512544803,287.813620071685,1308.24372759857,2400.35842293907,839.784946236559,88.5304659498208,37.2759856630824,412.903225806452,34.7670250896057,45.5197132616487,57.3476702508961,462.36559139785,0,349.820788530466,970.609318996416,5059.85663082437,2111.11111111111,262.007168458781,29765.5913978495,507.885304659498,"severe","Female",7.52106124428013,23.3571471862784,9.87832964635292,0.00984878329646353,0.134094972574927,0.625397739325434,0.298493893754356,10.4400890936089,0.00189399678778145,6.05597538255427,3.68549957086936,2.30265223671265,13.6605890603086,6.39006928889912,7.70886102447091,0.117644596093864,15.5
"80",0,83,2792.74611398964,129.274611398964,0,186.010362694301,0,1423.57512953368,1205.44041450777,357.253886010363,38.60103626943,34.4559585492228,226.165803108808,13.2124352331606,21.2435233160622,20.2072538860104,171.761658031088,0,289.119170984456,701.554404145078,4227.46113989637,801.554404145078,162.953367875648,7555.69948186528,282.642487046632,"severe","Female",5.81439935302607,25.6509826613775,12.8258399157818,0.0174292546553539,0.405055878190425,0.216122757726389,0.168018014877612,12.1976895780029,0.00278868074485663,9.20151209127136,6.72389322561275,2.42030132649162,12.5388940444347,8.31377258583984,3.22752333642666,1.64651454773732,14.5
"81",0,84,2123.95209580838,50.8982035928144,0,173.353293413174,0,1045.50898203593,1304.79041916168,793.712574850299,93.7125748502994,35.3293413173653,286.826347305389,26.3473053892216,31.437125748503,59.8802395209581,152.095808383234,0,233.832335329341,351.197604790419,1418.8622754491,861.377245508982,137.724550898204,12486.8263473054,448.502994011976,"severe","Female",7.16045636167891,30.4836017601283,13.5029877383507,0.0223990057731631,0.579483955808929,0.343210572330725,1.00578761407236,14.8779976733936,0.00361274286663921,5.31109145288344,3.37082438181895,1.88971734276928,10.0130586798096,5.4484182147521,4.11727536964489,1.71279329373605,13.2
"82",0,85,3499.50248756219,42.2885572139303,0,135.074626865672,0,442.28855721393,1029.10447761194,425.124378109453,63.9303482587065,18.407960199005,100.248756218905,14.9253731343284,14.6766169154229,39.8009950248756,160.199004975124,0,154.228855721393,317.661691542289,3792.53731343284,540.049751243781,63.18407960199,4569.90049751244,188.805970149254,"severe","Female",5.53128110823195,29.3228569040328,19.5680752600743,0.0106385403922582,0.632993153339362,0.271282780002584,0.259884343868021,8.76539738747844,0.00227968722691247,3.99374572062175,2.91253206340122,1.05259930712395,4.39025885767427,4.6580074192922,3.32130849335227,1.0229630159525,13.1
"83",0,86,3596.71232876712,0,0,139.178082191781,0,1339.17808219178,1475.61643835616,283.835616438356,30.4109589041096,12.0547945205479,93.4246575342466,8.76712328767123,22.4657534246575,54.7945205479452,192.054794520548,0,158.630136986301,456.986301369863,3188.76712328767,1120.82191780822,141.917808219178,5745.75342465753,253.698630136986,"severe","Female",4.45204566063904,17.0573958500027,9.92225422734304,0.0120019203072492,0.220035205632901,0.213367472128874,0.0973489091587987,6.42436123113031,0,5.93586556538629,3.70390170448977,2.1606835779138,12.4286083415751,7.38463731701015,2.31304518278938,1.17166965152852,17.2
"84",0,87,3891.69675090253,0,0,170.397111913357,0,1458.84476534296,1144.40433212996,374.007220216606,62.0938628158845,15.884476534296,145.487364620939,14.8014440433213,12.6353790613718,42.9602888086643,154.512635379061,0,163.537906137184,345.126353790614,3142.59927797834,690.252707581227,110.469314079422,5879.06137184116,393.862815884477,"severe","Female",6.75150451354062,36.858074222668,17.8447843530592,0.0476429287863591,0.412487462387161,0.6858074222668,0.462637913741224,16.7916248746239,0.00501504513540622,2.82925816331828,0.962120818840956,1.80657218501791,3.59757047188911,2.33262385575109,3.29820554084687,1.14381629721919,13.9
"85",0,88,1393.48370927318,0,0,0,0,165.664160401003,547.619047619048,0,0,0,53.1328320802005,0,0,0,96.9924812030075,0,69.4235588972431,196.240601503759,0,575.438596491228,119.799498746867,5987.4686716792,13.2832080200501,"severe","Female",6.55287068738478,18.6537068738478,10.7831840927048,0.00493810903344746,0.409040031603898,0.254312615222544,0.203285488543587,6.66068606794838,0.00164603634448249,3.09438302212289,2.3934813978973,0.681371857606302,8.97609773563206,3.24519621990517,3.52729284885046,0.925493940347413,18.2
"86",0,89,3618.6119873817,0,0,137.539432176656,0,1200.94637223975,1188.32807570978,435.015772870662,63.0914826498423,32.807570977918,146.372239747634,18.9274447949527,18.6119873817035,50.4731861198738,160.252365930599,0,171.608832807571,584.542586750789,4075.70977917981,799.684542586751,129.022082018927,7504.10094637224,344.16403785489,"severe","Female",5.32885514018692,23.9182242990654,15.5595794392523,0.00408878504672897,0.270443925233645,0.448014018691589,0.245327102803738,7.64252336448598,0.00058411214953271,4.13940993860946,2.81482972447803,1.30135554643772,8.23391885301108,3.8042005682302,2.30620950198571,1.26884101166652,19.3
"87",0,90,1770.62146892655,0,0,102.25988700565,0,885.593220338983,1147.74011299435,292.655367231638,35.3107344632768,3.67231638418079,113.841807909605,11.5819209039548,2.82485875706215,22.0338983050847,162.994350282486,0,78.2485875706215,270.056497175141,278.813559322034,0,56.4971751412429,3426.27118644068,261.581920903955,"mild","Female",5.89463266789343,31.0968160942646,18.9426154726376,0.0216487033973001,0.372666965624952,0.329369558830352,0.162365275479751,11.0222827011396,0.00154633595695001,3.42318664059746,1.61223116125517,1.7500560915414,6.68130388794513,3.56581941728902,3.71326004038591,1.70838808936184,15
"88",3,91,4989.34169278997,508.150470219436,298.746081504702,1210.65830721003,520.689655172414,1242.3197492163,2281.19122257053,3331.03448275862,73.0407523510972,121.003134796238,2067.39811912226,18.8087774294671,98.7460815047022,271.159874608151,434.169278996865,2196.55172413793,615.047021943574,899.373040752351,2728.84012539185,1453.91849529781,119.122257053292,4488.4012539185,1565.20376175549,"mild","Female",5.19029072505588,24.6693927591594,15.6022695841338,0.0164462618394396,0.251926829085962,0.153996815405662,0.428350365181769,7.8643033886775,0.00373778678169083,8.52163723879654,5.62786476582155,2.82025066341945,9.80482257119553,8.67327597100484,3.13961102367632,1.41759239049271,13
"89",3,92,3166.87697160883,107.255520504732,0,248.264984227129,0,1274.76340694006,2249.84227129338,435.015772870662,63.0914826498423,18.6119873817035,193.690851735016,27.7602523659306,33.1230283911672,56.782334384858,256.782334384858,0,208.201892744479,892.429022082019,7575.39432176656,3145.42586750789,522.397476340694,10658.0441640379,447.003154574133,"mild","Female",13.1256879611888,15.3393941864732,10.6021444005055,0.0472909617187819,0.214440050552407,0.0725671653960618,0.234008724367076,4.2146031228342,0.0334298177667251,16.0290547156904,11.511891507599,4.36558505144268,8.39179599994634,17.5709935746958,2.01679432319682,1.78070799071751,15.8
"90",3,93,1968.96551724138,499.20424403183,0,280.901856763926,0,2115.38461538462,1350.92838196286,365.7824933687,44.5623342175066,42.9708222811671,261.538461538461,20.9549071618037,27.8514588859416,74.5358090185676,353.580901856764,118.037135278515,200,1652.5198938992,17528.1167108753,3344.56233421751,1013.79310344828,8284.88063660477,332.89124668435,"severe","Female",4.7299080757887,11.5157740110401,5.73005726614412,0.0350023526171431,0.0826285045388297,0.0286904529648714,0.122221329630352,5.58201452884538,0.0172142717789228,15.0127052884697,12.6021112949162,2.28354110885618,14.2188379350922,20.1434248000409,2.00385422173713,1.80346879956342,15.3
"91",3,94,3270.97457627119,137.923728813559,0,451.906779661017,0,905.296610169491,1048.09322033898,1053.81355932203,50.4237288135593,34.3220338983051,585.169491525424,16.7372881355932,26.9067796610169,33.8983050847458,124.152542372881,1412.28813559322,307.415254237288,607.838983050847,4828.38983050847,1056.35593220339,188.983050847458,6586.86440677966,569.491525423729,"mild","Female",4.68163990831153,15.6070548653504,9.00681944901139,0.0567096039382199,0.271157686057539,0.133434362207576,0.581869129483752,5.55944739111994,0.0142965388079546,9.30374808850607,5.49012264769216,3.73622944168773,7.61913678494523,13.0050244983304,2.37181287644727,2.03476578347845,11.9
"92",3,95,4049.35483870968,607.096774193548,0,667.741935483871,130,2725.16129032258,1784.51612903226,2475.8064516129,52.5806451612903,88.7096774193548,866.774193548387,25.4838709677419,48.0645161290323,77.741935483871,543.225806451613,1287.74193548387,424.516129032258,2292.58064516129,27273.2258064516,3606.12903225806,793.548387096774,10450.9677419355,1117.41935483871,"severe","Female",8.1374471348343,9.85760271110479,7.04639277038724,0.0486749842724697,0.207098282140414,0.184597581863517,0.267253215533749,2.50400650224318,0.0169903246988809,18.042831039726,16.2079452089802,1.74224709625484,11.4584531248003,22.5105735934885,1.90835793051456,0.117555359629956,15.4
"93",3,96,3849.45945945946,254.324324324324,0,198.918918918919,0,2391.08108108108,1098.10810810811,372.702702702703,66.7567567567568,24.0540540540541,108.918918918919,16.2162162162162,15.9459459459459,43.2432432432432,181.891891891892,0,203.783783783784,860.27027027027,10242.1621621622,3437.83783783784,714.054054054054,11429.4594594595,339.189189189189,"severe","Female",2.6683005408827,17.1110452872602,9.69166034351935,0.0166363020340922,0.185433903160492,0.137148050915199,0.299047673149414,6.90325381721979,0.00202881732123076,12.7291376107772,6.36488151451283,6.25355706628808,6.58815582921078,12.3094819660648,1.29899370203824,2.02510428849293,17.1
"94",3,97,2602.93453724605,511.286681715576,0,741.534988713318,362.7539503386,3769.75169300226,1511.7381489842,1309.7065462754,41.0835214446953,81.038374717833,915.349887133183,24.1534988713318,54.8532731376975,76.7494356659142,438.82618510158,1554.40180586907,420.090293453725,1333.63431151242,20574.4920993228,8001.58013544018,1876.5237020316,12679.006772009,886.230248306998,"mild","Female",4.97988845897893,10.2348015052738,6.35913381977939,0.0265012985636296,0.0859819908953317,0.022967792088479,0.118372466917546,3.58238664805687,0.0141340259006025,15.0524700589069,13.9809625362479,1.01038998192481,10.6650108581163,20.2780197916802,1.40180231726506,0.598171675270803,17.2
"95",3,98,4365.43624161074,167.44966442953,0,252.684563758389,0,984.563758389262,1856.37583892617,462.751677852349,57.7181208053691,24.8322147651007,312.080536912752,20.1342281879195,19.7986577181208,53.6912751677852,459.060402684564,0,253.020134228188,1343.28859060403,12315.7718120805,3091.61073825503,532.885906040269,10942.9530201342,366.107382550336,"severe","Female",7.34813891410686,7.8512937945737,4.83010618645637,0.0149049470874378,0.136854514166475,0.0334232146809212,0.132337863533918,2.61333405599743,0.00135499518976708,17.7178747546994,13.2375184854057,4.31391733157898,10.5435693280028,26.3524569423593,2.31327631675129,0.632580422057658,11.2
"96",3,99,2478.1746031746,1289.68253968254,0,257.539682539683,28.968253968254,4009.92063492063,1582.93650793651,411.111111111111,46.031746031746,52.7777777777778,543.253968253968,8.73015873015873,0,95.6349206349206,921.825396825397,102.380952380952,325.396825396825,2083.73015873016,28808.3333333333,5834.52380952381,1200.39682539683,10481.3492063492,432.936507936508,"severe","Female",9.1139628066719,11.5693348065122,7.7055683497291,0.0532474274836597,0.299516779595586,0.110488412028594,0.254256466234475,2.47999893505145,0.041932349143382,23.4366161774873,0.0589215008484696,23.307774495632,5.72638426245993,24.1633146879517,4.00351957765068,1.98211928854252,13.8
"97",3,100,3673.56948228883,46.3215258855586,0,324.795640326975,19.8910081743869,1568.93732970027,1407.62942779292,509.536784741144,57.2207084468665,32.1525885558583,343.596730245232,16.3487738419619,34.6049046321526,43.5967302452316,206.539509536785,524.795640326975,329.700272479564,919.346049046321,10644.9591280654,2184.74114441417,467.574931880109,4484.1961852861,473.841961852861,"severe","Female",4.26001518891209,23.1939434213024,14.3820011391684,0.0545851528384279,0.486519840516423,0.662141636605278,0.412948547560281,6.32238465919878,0.0261059426618568,10.6115384615385,8.36346153846154,2.12884615384615,11.75,14.8961538461538,2.77884615384615,1.19423076923077,15.3
"98",3,101,4081.02893890675,728.295819935691,0,788.102893890675,217.041800643087,2127.33118971061,1825.72347266881,1644.05144694534,74.91961414791,106.430868167203,1327.00964630225,19.2926045016077,33.7620578778135,90.3536977491961,436.977491961415,1645.33762057878,579.099678456592,1072.66881028939,12747.2668810289,5296.46302250804,919.614147909968,5960.12861736334,964.308681672026,"severe","Female",1.58223516382325,16.6536006271699,9.81570662385983,0.0248876942795635,0.646457858911661,0.0821293911225594,0.291186023070893,5.62088575303941,0.00622192356989087,6.69925392333419,3.96964239773604,2.67198353485979,4.73784409570363,7.16285052739902,0.852585541548752,1.27553383071778,13.2
"99",3,102,1816.99346405229,111.111111111111,0,223.529411764706,0,411.111111111111,1760.13071895425,338.562091503268,56.2091503267974,24.1830065359477,456.209150326797,16.6666666666667,26.797385620915,52.2875816993464,250.653594771242,0,211.437908496732,450.326797385621,2844.77124183007,1427.77777777778,236.601307189542,5151.6339869281,410.130718954248,"severe","Female",5.67873896448239,16.9739372395909,10.1770781737129,0.00364208502083273,0.175184289502054,0.0790332449520702,0.199586259141633,5.82624340782611,0.00254945951458291,9.59292768713212,6.71473413525843,2.76335403446987,6.43776824034335,10.4711122319848,3.08805714054105,0.130151453057658,14.8
"100",3,103,3485.9649122807,59.6491228070175,0,359.649122807018,0,2605.9649122807,1709.82456140351,599.649122807018,57.1929824561403,25.9649122807018,345.964912280702,17.8947368421053,20.7017543859649,27.3684210526316,185.263157894737,43.859649122807,315.087719298246,774.385964912281,9110.52631578947,1867.71929824561,552.631578947368,8810.52631578947,382.80701754386,"mild","Female",4.55212690395391,20.8965353957857,13.8031725988478,0.0836555915081683,0.664509509904506,0.344092810354352,0.596637992265804,5.06826611948544,0.0520874437692368,12.6759013223063,8.4338296567664,4.14773352620242,9.10205814373988,16.1679847801135,2.50939450637569,1.26098646247701,15.7
"101",3,104,3172.1052631579,1012.36842105263,0,207.105263157895,0,3690.52631578947,1378.68421052632,534.210526315789,67.6315789473684,42.6315789473684,138.157894736842,20.7894736842105,24.7368421052632,42.1052631578947,696.578947368421,0,239.736842105263,2349.73684210526,29881.052631579,4628.42105263158,1216.31578947368,7534.21052631579,372.894736842105,"severe","Female",2.48879615929147,20.3861998488413,13.3892549578991,0.149029710137214,0.813276418177367,0.203319104544342,0.980402593116956,4.23776625754463,0.0510959006184733,12.6662190970873,9.8747982992356,2.7490194692767,8.62160347690894,16.8933959930744,0.838604054038138,1.9457498557177,14.4
"102",3,105,3434.48275862069,59.0804597701149,0,220.229885057471,0,1123.67816091954,1052.64367816092,317.011494252874,41.8390804597701,17.0114942528736,134.252873563218,13.7931034482759,8.04597701149425,36.7816091954023,154.712643678161,0,215.402298850575,641.149425287356,6227.35632183908,940.459770114943,219.310344827586,3710.57471264368,307.126436781609,"mild","Female",4.70514125115085,22.5202306536803,13.328003101226,0.0278625769249406,0.375539080292678,0.0678393177302903,0.347676503367738,8.70160391529777,0.012114163880409,5.88229167751544,4.84185092223252,1.00086443025714,5.96873470322964,7.41222908443297,3.25150754553881,0.763406480102482,14.3
"103",4,106,7813.03317535545,288.862559241706,0,667.061611374408,17.2985781990521,2656.16113744076,1172.27488151659,909.478672985782,54.2654028436019,51.8957345971564,583.175355450237,14.218009478673,24.8815165876777,47.39336492891,311.848341232227,1317.77251184834,365.63981042654,1032.93838862559,12140.5213270142,3360.18957345972,824.644549763033,14212.0853080569,636.96682464455,"mild","Female",2.16252863889279,31.1450881376537,23.0163183242156,0.0724739327628934,0.337432396627235,0.211966771091473,0.397437695796512,5.29059709169121,0.0257165567868331,8.61376700655709,6.05881163522921,2.48346283832577,3.75877408359571,10.2400415956556,2.20904705508536,0.0772697073861175,12
"104",4,107,6560.68601583114,210.290237467018,0,646.701846965699,0,983.641160949868,1555.672823219,1530.87071240106,62.7968337730871,61.4775725593668,774.67018469657,20.844327176781,39.3139841688654,63.5883905013193,212.401055408971,1279.94722955145,337.467018469657,627.440633245383,4576.25329815303,1176.51715039578,158.311345646438,12084.4327176781,709.234828496042,"mild","Female",2.72456608939564,20.477325598093,11.818260145323,0.0162746393252726,0.345596752730789,0.160831729802694,0.184765022928095,7.24700115837139,0.00765865380012828,6.79211291815417,5.16164220547402,1.56601216448499,7.47801798228216,12.066144387148,3.34688615628719,2.01309004363348,13.8
"105",4,108,7291.91616766467,149.40119760479,0,214.97005988024,0,2896.70658682635,1612.5748502994,310.179640718563,45.8083832335329,22.1556886227545,183.832335329341,17.9640718562874,24.5508982035928,35.6287425149701,249.101796407186,0,225.748502994012,1088.92215568862,6698.20359281437,1857.18562874252,461.377245508982,18702.0958083832,424.251497005988,"severe","Female",1.81127094511189,28.275137189719,16.026447977903,0.0122218012490681,0.336099534349372,0.267657447354591,0.140550714364283,10.3677539995845,0.00611090062453404,9.2519018488002,5.81728707194293,3.36463577055915,6.4109799318269,11.6943949073343,3.06553195331723,0.0846520237477144,12.3
"106",4,109,4650.53380782918,177.580071174377,0,218.505338078292,0,2008.89679715303,1655.871886121,368.683274021352,101.423487544484,37.0106761565836,165.124555160142,18.1494661921708,12.4555160142349,85.7651245551601,424.555160142349,0,282.562277580071,1526.33451957295,14513.1672597865,2179.7153024911,449.466192170819,5443.77224199288,329.537366548043,"severe","Female",2.4268186648633,24.8091971790165,15.1521592116704,0.268573084726113,0.550671432711815,1.16124045985895,0.506231282001739,6.95391749589412,0.0444401507100763,7.72820520851277,6.09643422021078,1.57539502325509,6.59911990854566,12.16154845984,2.90023020185727,2.1391546737241,9.4
"107",4,110,4784.75836431227,602.602230483271,0,273.60594795539,0,2390.33457249071,1620.07434944238,754.646840148699,105.947955390335,81.4126394052045,303.345724907063,15.2416356877323,39.0334572490706,59.4795539033457,553.531598513011,0,456.877323420074,3178.43866171004,18680.6691449814,2558.36431226766,572.862453531598,3182.52788104089,466.542750929368,"severe","Female",6.34164032951661,28.7187192373452,15.8178332728874,0.108802652712295,0.720169939381379,0.67354023107611,0.430029532148593,8.92181752240817,0.0414486296046837,8.25809780005159,3.56340052327081,4.60257213398681,5.55330360762059,11.2761174779821,10.6128164498655,3.46390536905332,8.4
"108",4,111,4323.96313364055,114.976958525346,0,212.903225806452,0,1761.98156682028,1207.14285714286,317.741935483871,37.5576036866359,23.963133640553,100,9.44700460829493,31.7972350230415,46.0829493087558,137.327188940092,0,147.465437788018,750.921658986175,3996.3133640553,2438.47926267281,432.488479262673,12664.5161290323,289.170506912442,"mild","Female",9.7817278201885,14.3034319102733,9.91560142380622,0.0161185609706956,0.381024871835053,0.0908907743625333,0.343414896236764,4.00456692560836,0.00402964024267389,6.15205668788569,3.93719947828457,2.14477603223734,4.55138312990325,8.54893028869552,3.46366485623625,1.68486830578754,13.3
"109",4,112,3955.67010309278,171.477663230241,0,198.969072164948,0,2915.80756013746,1548.45360824742,473.883161512027,86.5979381443299,30.5841924398625,117.182130584192,20.6185567010309,28.1786941580756,54.9828178694158,317.525773195876,0,321.993127147766,1093.81443298969,7395.18900343643,1274.22680412371,349.14089347079,4827.14776632302,318.213058419244,"severe","Female",7.95559297996809,25.6696507711399,11.2280624002836,0.0465343024286474,0.413933699698635,0.222921467824854,0.520741003368197,12.1862258464811,0.0203864563020741,7.724142676687,5.86572820258241,1.81368669913936,3.63179702437418,7.33437206627575,4.82617607014888,2.30225162568259,11.7
"110",4,113,3002.08728652751,178.557874762808,0,139.65844402277,0,2361.66982922201,938.709677419355,196.584440227704,27.3244781783681,19.7343453510436,99.6204933586338,18.4060721062619,11.1954459203036,37.9506641366224,171.916508538899,0,120.11385199241,1526.75521821632,12697.5332068311,2945.54079696395,817.07779886148,19566.2239089184,238.140417457305,"severe","Female",4.06050324898612,13.9133298043939,7.6641894623647,0.143797333288874,0.33677752260119,0.107118593203596,0.470988367004139,3.01474235269109,0.0683558337952909,19.8526213443185,16.2197545394843,3.47636227174645,7.9518801866114,22.6824962259806,2.17528507705823,1.29894498034098,16.9
"111",4,114,3313.90374331551,45.4545454545455,0,340.909090909091,0,543.31550802139,1145.72192513369,542.780748663102,58.5561497326203,35.5614973262032,278.342245989305,16.0427807486631,28.0748663101604,53.475935828877,141.176470588235,0,267.647058823529,543.31550802139,3454.54545454545,1017.37967914439,157.486631016043,7836.89839572193,464.973262032086,"mild","Female",2.75810780224399,17.5779523824921,8.73778036451429,0.00808355158922624,0.16005432146668,0.0555070542460202,0.105086170659941,8.32066910251021,0.0010778068785635,5.03531830648821,2.2271214074315,2.66403235068528,5.44853646881187,4.54258877765329,1.42036213813293,0.763791005577843,14.9
"112",4,115,5137.41007194245,4798.92086330935,0,320.143884892086,438.489208633093,8006.8345323741,2930.21582733813,496.043165467626,78.7769784172662,108.992805755396,166.906474820144,48.2014388489209,45.6834532374101,122.302158273381,1229.13669064748,0,859.352517985611,9622.30215827338,82976.9784172662,9534.53237410072,4037.05035971223,26255.7553956834,683.093525179856,"severe","Female",7.08201769264894,7.29051955846664,3.9691031027374,0.127867226846899,0.0274001200386211,0.0302706088045719,0.212155215156181,1.82406513399963,0.0399258891991336,29.2003280082609,25.9069580270911,3.0883648180769,20.4724230091721,43.2355888963129,0.656396161088501,0.717138431634574,15.1
"113",4,116,8056.57142857143,500.571428571428,366.857142857143,273.714285714286,0,3293.71428571429,1934,296,62.5714285714286,29.7142857142857,150,22.5714285714286,26.8571428571429,57.1428571428571,320.571428571429,127.142857142857,249.142857142857,842.285714285714,7844.85714285714,2330,453.714285714286,15698,358.571428571429,"mild","Female",3.36828662363188,14.3805684981393,9.02583084735955,0.0394097516686787,0.160133294755011,0.267886539823804,0.157639006674715,4.33507268355466,0.00897943708906604,7.22938087463042,4.22863068708354,2.93235073474251,7.46877895944574,6.88738361060853,2.65599488107321,0.188098495212038,15.8
"114",4,117,7085.36585365854,242.987804878049,0,276.524390243902,122.865853658537,1812.5,2593.59756097561,570.121951219512,101.219512195122,40.5487804878049,178.048780487805,35.3658536585366,38.719512195122,85.6707317073171,379.878048780488,307.317073170732,221.951219512195,1153.65853658537,8258.84146341464,1747.25609756098,257.012195121951,11875.6097560976,432.012195121951,"severe","Female",4.85181034566282,18.2846365259966,13.1244005076913,0.00678213520993938,0.258690014436259,0.0649147227237055,0.124339145515555,4.61508153095399,0.00193775291712554,11.8578892371996,8.84848484848485,2.9151705139166,4.06497577657452,11.9707419017764,4.0425572337798,0.214686045407049,14.5
"115",4,118,9602.91545189504,453.3527696793,0,284.256559766764,234.110787172012,5891.83673469388,2543.44023323615,352.478134110787,92.7113702623907,42.8571428571429,187.463556851312,23.0320699708455,61.8075801749271,99.1253644314869,478.717201166181,309.037900874636,260.058309037901,893.877551020408,13543.7317784257,2996.79300291545,815.451895043732,19718.3673469388,341.98250728863,"mild","Female",5.52336166626786,21.0525494439185,9.19589259147515,0.118082793204257,0.200272578782551,0.320436126052081,0.215358045755782,8.37451492420853,0.0473371549849666,6.8975223574256,4.29028001759273,2.51517372819235,3.15554903973024,10.1316522504032,5.00806333382202,1.51062894003812,14.5
"116",4,119,10871.5789473684,838.947368421053,0,792.631578947368,498.947368421053,9729.47368421053,7430.52631578947,1451.57894736842,349.473684210526,140,552.631578947368,83.1578947368421,145.263157894737,210.526315789474,1255.78947368421,468.421052631579,1134.73684210526,3186.31578947368,28514.7368421053,8868.42105263158,2088.42105263158,46858.9473684211,1662.10526315789,"mild","Female",5.16923332020644,21.7536841668912,13.5065392666902,0.185503761891931,0.375152859245134,0.140941405683255,0.326445167575186,6.30712790432566,0.0891247124173524,10.6645733381281,7.10620718689974,3.37329953601782,6.69397349425066,13.3204108303439,8.27274082780034,2.30412321401945,15.9
"117",4,120,3113.13672922252,326.809651474531,0,238.605898123324,295.97855227882,1872.92225201072,2280.69705093834,544.235924932976,77.7479892761394,27.8820375335121,148.525469168901,35.9249329758713,56.8364611260054,96.514745308311,343.43163538874,0,302.412868632708,1262.19839142091,8302.41286863271,2469.97319034853,356.032171581769,12780.1608579088,466.219839142091,"severe","Female",2.26133781554456,27.886979798923,17.9249540884614,0.0622529336694992,0.267687614778846,0.19765306440066,0.147072555794192,8.37846671024372,0.0311264668347496,6.7021302978449,5.53096247799023,1.1122684324083,6.99352726731642,9.82379783250254,2.5804131637031,1.01926939959824,14.3
"118",5,121,4307.19424460432,413.669064748201,0,283.093525179856,310.791366906475,3298.92086330935,2852.1582733813,243.165467625899,61.8705035971223,47.841726618705,111.151079136691,61.5107913669065,53.5971223021583,122.302158273381,791.36690647482,0,323.021582733813,1606.11510791367,11260.4316546763,5024.46043165468,847.841726618705,24815.1079136691,567.985611510791,"severe","Female",2.47593360995851,15.8047717842324,7.43381742738589,0.358921161825726,0.592738589211618,0.875933609958506,0.863485477178423,6.78112033195021,0.212033195020747,7.4674095310218,7.07163592434323,0.356106092569553,4.32646364111718,10.6795766394403,0.16993923658066,1.34689241088332,13.2
"119",5,122,7241.39433551198,205.010893246187,207.625272331155,266.884531590414,302.39651416122,2403.26797385621,2184.09586056645,372.331154684096,68.1917211328976,47.7124183006536,114.37908496732,29.1938997821351,50.7625272331155,52.5054466230937,377.995642701525,208.061002178649,178.649237472767,776.0348583878,6746.84095860567,2996.73202614379,496.078431372549,21216.5577342048,413.725490196078,"mild","Female",7.32146076644164,20.2427933251868,13.0896051603598,0.147038201887057,0.457941865822633,1.15747510967768,0.43149902842605,6.18722330174883,0.0180292073158517,1.87275756465473,1.19458289838441,0.649139665267917,3.14131058464048,4.28819312423524,2.23085591035098,0.119596551747976,17.9
"120",5,123,4790.5,170,0,271.5,0,1627,2766,772.5,147,22,186,48.5,52.5,160,411.5,0,261.5,1189,493.5,1951,287.5,9240.5,627.5,"mild","Female",3.11093193576564,31.6132500167977,20.1245908562982,0.130542037415652,0.617195073957823,0.897476507232605,0.980985016461735,10.5326307100143,0.0163177546769565,4.10531996564331,2.33579860292944,1.71023327581882,5.75550505088894,5.3974962184842,1.27469386824363,2.35860171327369,15.5
"121",5,124,2590.34482758621,248.505747126437,0,173.103448275862,0,1673.5632183908,1103.44827586207,238.16091954023,47.1264367816092,17.0114942528736,63.6781609195402,22.2988505747126,24.1379310344828,27.3563218390805,243.67816091954,0,118.620689655172,895.172413793103,5427.81609195402,1204.36781609195,225.747126436782,5749.19540229885,174.48275862069,"severe","Female",6.5183694011072,16.362858580775,10.2325113236034,0.0870659285354806,0.567689984901862,0.524911927528938,0.682939104177152,4.84952189229995,0.0306995470558631,11.6760202732814,9.42888867068003,2.14667160154391,8.3759470054611,15.9346179120937,2.21163069997205,0.417702109660022,16.9
"122",5,125,3997.42120343839,142.97994269341,0,98.567335243553,0,2096.56160458453,1291.11747851003,193.696275071633,38.6819484240688,21.2034383954155,20.9169054441261,22.6361031518625,13.4670487106017,51.5759312320917,259.598853868195,0,83.6676217765043,504.58452722063,4044.98567335244,1595.70200573066,220.630372492837,8908.30945558739,265.329512893983,"mild","Female",7.2866597881068,19.9813775574402,12.9300148476231,0.0264237360646249,0.554898457357123,0.694566776555855,0.447945239952689,5.37911769887007,0.00377481943780356,3.24758695004241,2.17461081688333,1.01795171607401,4.31139234702066,2.9518307082101,1.71378132379577,1.0362931884357,19.5
"123",5,126,4674.74402730375,686.006825938567,0,221.501706484642,0,3740.61433447099,1863.13993174061,470.648464163822,60.4095563139932,74.7440273037543,72.3549488054608,26.962457337884,27.9863481228669,75.4266211604096,407.167235494881,0,288.737201365188,2817.06484641638,14582.252559727,6499.65870307167,1158.36177474403,10250.8532423208,316.040955631399,"mild","Female",6.9630256657827,18.0956663778908,9.98128467790468,0.0218235204645103,0.685126278825233,0.680497047211549,0.636188687480574,7.01526985113714,0.00132263760390972,4.11850736168866,3.09147266516049,0.971371817120155,2.17903801447235,6.49945974264104,1.54655490433625,1.10507187060018,14.5
"124",5,127,4237.05583756345,43.1472081218274,0,110.659898477157,0,1866.49746192893,1478.17258883249,262.944162436548,36.5482233502538,11.1675126903553,86.5482233502538,8.12182741116751,8.88324873096447,25.1269035532995,177.918781725888,0,104.060913705584,362.182741116751,3279.18781725888,1802.28426395939,249.238578680203,10681.9796954315,276.903553299492,"severe","Female",1.88442517114527,21.4875630374936,12.2475454966258,0.0188807951860063,0.393451409360002,0.331327502618949,0.464102126830219,8.46895022778766,0.0121811581845202,4.05972598790177,2.79944776193882,1.21980294637857,3.79580498677623,4.2155280915074,0.962535415869636,1.00800079841647,16.1
"125",5,128,5948.18401937046,192.978208232446,0,280.629539951574,60.774818401937,807.26392251816,1445.2784503632,529.53995157385,53.0266343825666,39.225181598063,292.009685230024,25.90799031477,30.7506053268765,53.5108958837772,165.133171912833,647.215496368039,250.121065375303,655.690072639225,5314.52784503632,1771.67070217918,222.518159806295,18407.2639225182,421.065375302663,"mild","Female",8.18803567733574,19.0594948977925,12.040011761759,0.0136131470328785,0.309290700586999,0.181871644359256,0.249937379523649,6.59910915565817,0.00326715528789083,6.5219372180965,4.6158139322976,1.84233905872705,6.59255546949747,6.93368718392638,1.08205385211171,0.657205339651009,13.6
"126",5,129,2320.7264957265,0,0,0,0,2021.15384615385,1057.05128205128,221.367521367521,21.7948717948718,9.4017094017094,52.3504273504274,0.427350427350427,0,7.69230769230769,78.2051282051282,0,68.8034188034188,434.188034188034,2760.68376068376,952.777777777778,138.034188034188,10583.1196581197,162.179487179487,"severe","Female",16.9044612794613,28.0997474747475,18.0934343434343,0.0505050505050505,0.488215488215488,0.408249158249158,0.292508417508417,8.83627946127946,0.0252525252525253,1.94756554307116,0.878447395301328,1.02599023947339,2.48098967200091,1.69106798320281,2.42197253433209,0.0771762569515378,15.5
"127",5,130,2973.66946778711,47.6190476190476,0,162.18487394958,0,4435.29411764706,1508.68347338936,290.196078431372,37.8151260504202,12.3249299719888,49.859943977591,6.1624649859944,9.80392156862745,67.5070028011204,180.392156862745,0,160.224089635854,912.885154061625,4570.86834733894,1038.65546218487,157.142857142857,6691.87675070028,259.383753501401,"severe","Female",6.62121073567738,12.7126103058845,8.82618535960861,0.00971606236568973,0.164029994056056,0.0880160943715422,0.0640117049974852,3.65609711490101,0.00171459924100407,3.69112197217896,2.91301895912777,0.741849723400827,5.43732209033783,4.67734572211182,1.26148020838928,0.071835222084967,18.5
"128",5,131,2756.93430656934,0,0,105.109489051095,0,2333.21167883212,1751.82481751825,378.102189781022,55.8394160583942,4.74452554744526,52.5547445255474,21.8978102189781,0,28.4671532846715,178.102189781022,0,78.4671532846715,263.503649635037,0,1205.83941605839,214.963503649635,12339.4160583942,277.007299270073,"severe","Female",3.53234363102018,27.9214363479607,17.1261713120583,0.0346123106549278,0.303959019024185,0.268088078890896,0.241027545106134,9.57124786819632,0.00755177687016608,2.03428399098006,1.58054544582211,0.435917998067156,5.28859005202229,2.9280529681492,1.04455822178356,0.0479783960136807,16.3
"129",5,132,4783.11688311688,937.662337662338,0,213.506493506494,240.519480519481,18830.9090909091,1814.8051948052,608.571428571429,37.4025974025974,146.493506493506,151.688311688312,49.0909090909091,60.5194805194805,98.7012987012987,1019.22077922078,288.311688311688,330.38961038961,2711.68831168831,49747.5324675325,19135.0649350649,3718.18181818182,60328.8311688312,283.376623376623,"severe","Female",12.4615190389714,15.0039330698338,10.0411434712659,0.256701594916467,0.450603556272032,0.220122426914499,0.54253704045397,4.55815278438685,0.120743625351629,4.36886883516286,3.93786338025007,0.409455182167149,5.87514310727995,8.66635239185579,0.606550384986643,0.0722832065009989,13.9
"130",5,133,7654.52127659574,3548.13829787234,411.702127659574,334.574468085106,339.36170212766,18531.914893617,2166.48936170213,539.893617021277,48.4042553191489,160.63829787234,139.627659574468,33.2446808510638,56.3829787234043,178.723404255319,2140.42553191489,295.212765957447,778.723404255319,14557.4468085106,56445.2127659574,16723.1382978723,3006.91489361702,30451.5957446808,419.946808510638,"severe","Female",16.7975879831808,27.7584738315104,19.5313873152793,0.0621932587915579,0.663845436231629,0.296093992942417,0.574611630139394,7.61867420196585,0.00540810946013547,2.02470076329168,1.4181695650263,0.562579662159192,1.6071611702829,3.54102875895513,3.16890575325608,0.150900273964575,15.5
"131",5,134,6078.43137254902,0,0,136.274509803922,0,3395.42483660131,1568.62745098039,450.653594771242,74.8366013071895,24.1830065359477,151.633986928105,25.8169934640523,19.281045751634,52.2875816993464,185.294117647059,0,110.130718954248,763.071895424837,4982.35294117647,1367.64705882353,213.398692810458,18880.7189542484,302.614379084967,"mild","Female",2.67102847646972,31.9192253147376,19.2061738169606,0.00609029294309056,0.217510462253234,0.245351801421648,0.205329876367053,11.6655211115655,0,1.6894861974329,0.843214151931442,0.815693109801313,4.56237720646133,1.45937970628932,1.08555221735507,0.0764473392503574,15.9
"132",5,135,4234.12162162162,168.581081081081,0,219.256756756757,271.283783783784,11503.3783783784,2065.87837837838,465.878378378378,67.5675675675676,44.9324324324324,136.148648648649,17.2297297297297,27.7027027027027,67.5675675675676,293.581081081081,0,169.594594594595,2061.48648648649,10462.1621621622,7134.12162162162,2425.67567567568,22949.3243243243,256.418918918919,"mild","Female",24.3505684472824,17.4123968229248,12.7339978196543,0.0833203550848777,0.681358043918393,0.348855318486217,0.369101386076935,4.15277994081919,0.0249182370347298,3.11309342571943,2.24327059965931,0.822093664365243,4.47666620034727,4.39931204173833,0.63282285074762,2.0416560373275,13.9
"133",8,136,12058.4444444444,1831.77777777778,211.777777777778,212.888888888889,150,7994.22222222222,1180.66666666667,451.111111111111,32,155.333333333333,110,21.5555555555556,114.222222222222,526.666666666667,926.888888888889,187.555555555556,387.111111111111,5044.88888888889,13097.7777777778,11284.8888888889,1466.88888888889,56136.6666666667,260.666666666667,"mild","Female",8.51654007433011,10.2374554398587,6.62226002535458,0.133815865035594,0.283342904508565,1.40127423042333,3.72002687152593,2.76489581866054,0.0753052843722573,5.3533674175444,2.68317060044591,2.55823787191512,5.16740985623126,5.02662028138695,0.545859921580687,3.62256861689859,16.2
"134",8,137,3735.3711790393,1656.55021834061,0,186.899563318777,202.183406113537,5023.79912663755,1430.34934497817,373.144104803493,23.1441048034935,114.192139737991,94.7598253275109,21.17903930131,32.5327510917031,95.8515283842795,310.043668122271,0,186.244541484716,1955.89519650655,18618.5589519651,14798.9082969432,2788.2096069869,46276.2008733624,274.017467248908,"severe","Female",4.11936595001388,16.4493853763652,6.09497690059912,0.438480500187734,0.208629217885303,2.63284196091875,3.67141714416312,7.89526094976901,0.431950634213233,3.12283810517884,2.62643671185659,0.459990533176362,5.22374473559647,5.42703870474434,0.506110956027818,0.907844112970762,14.5
"135",8,138,7726.25,1522.25,321,314.5,374.5,6805.25,1837.25,507.5,31.25,290.75,168,40.5,42.5,60.25,836.5,348,382.5,5494.25,35698.25,40382.25,7634.5,102754.75,394.75,"severe","Female",12.628927680798,23.731421446384,9.36034912718205,0.238154613466334,0.391022443890274,3.53740648379052,8.05137157107232,10.4179551122195,0.322942643391521,6.03696776909264,4.26104424090325,1.66136500476883,4.11984420040815,5.66824917278089,0.237642332304971,3.05738049947516,13.4
"136",8,139,4511.62790697674,1929.56810631229,0,329.235880398671,774.086378737542,4181.72757475083,2417.60797342193,458.139534883721,60.4651162790698,146.511627906977,232.890365448505,41.5282392026578,56.4784053156146,66.4451827242525,788.039867109634,280.398671096345,349.501661129568,1941.19601328904,56744.5182724252,81391.6943521595,19425.2491694352,35418.2724252492,470.764119601329,"severe","Female",7.21223763688878,30.9989245057123,9.1805951068392,0.429521303580246,0.245537375117527,3.42196578710624,3.72465993411752,14.3663038846313,1.23648022510975,4.51623596558235,4.09394232016488,0.385541126788983,2.2339766225156,5.08337777265324,0.29978524998919,1.44704034129398,14.1
"137",8,140,4118.15384615385,52.3076923076923,0,178.153846153846,0,1480.30769230769,1612,318.769230769231,60.3076923076923,40.9230769230769,65.2307692307692,29.8461538461538,0,61.5384615384615,147.076923076923,0,130.461538461538,1061.53846153846,1014.76923076923,1079.69230769231,185.846153846154,11253.2307692308,284.923076923077,"mild","Female",15.3613724853991,15.5144792342635,10.5227936404932,0.300129785853342,0.829412719013627,0.417748215444517,3.09660934458144,3.95137086307592,0.00202790395846853,3.86577408694178,0.00508431488856877,3.82679433946276,4.61825269044996,3.63189560206762,3.36920599949157,3.54037793407338,17.7
"138",8,141,13984.0830449827,3449.13494809689,0,435.294117647059,1007.6124567474,31249.1349480969,2668.1660899654,917.301038062284,67.8200692041522,393.425605536332,321.799307958478,71.9723183391004,87.8892733564014,417.993079584775,1179.58477508651,526.989619377163,688.927335640138,4810.72664359862,41477.508650519,26762.9757785467,5318.68512110727,168738.408304498,657.093425605536,"severe","Female",7.09769154926135,18.1168159187764,8.40388517229859,0.560204688607677,0.342234137040327,3.06055099696064,4.43315433944737,4.29911263577325,0.288861908525704,7.60395601617796,5.25862613751264,2.20630055611729,4.63299418604651,8.16402300303337,0.713315217391304,0.110591506572295,14.9
"139",8,142,3478.7610619469,50.1474926253687,0,170.796460176991,74.0412979351032,3702.3598820059,1760.76696165192,406.784660766962,50.7374631268437,21.8289085545723,118.879056047198,17.6991150442478,17.4041297935103,35.1032448377581,269.911504424779,0,56.3421828908555,464.01179941003,2567.84660766962,1942.18289085546,257.817109144543,17080.8259587021,370.206489675516,"mild","Female",27.1634412236964,17.2955576213414,12.3989408152342,0.2500070424519,0.705653680385363,1.96413983492493,5.89382799515479,3.28530381137497,0.133102340911012,2.61812305540146,1.63044789078893,0.959938255227804,4.29922095463206,2.33351824606256,2.70977545162924,1.29036926268059,12.8
"140",8,143,3850,49.7076023391813,0,200,0,3038.01169590643,1489.18128654971,302.923976608187,25.4385964912281,47.3684210526316,99.7076023391813,23.0994152046784,2.92397660818713,46.7836257309942,154.385964912281,0,96.4912280701754,731.87134502924,2027.19298245614,1880.99415204678,246.491228070175,35147.3684210526,221.929824561404,"mild","Female",9.34308484174152,18.3541841931486,10.7904330284856,0.630953350158756,0.436918233873375,2.23162998543606,5.10416383981474,5.80160474730205,0.191321338435236,5.85153094081143,1.96051167964405,3.74831684327615,4.98873016802295,5.2287629529887,1.19943211755752,2.34397868977226,15.6
"141",8,144,5537.33333333333,933.333333333333,0,144.222222222222,89.5555555555556,4124.66666666667,1148,306.444444444444,32,110.222222222222,61.5555555555556,25.7777777777778,18.2222222222222,71.1111111111111,443.111111111111,57.3333333333333,202.444444444444,2220,12337.3333333333,8324.66666666667,1307.77777777778,50795.1111111111,278.888888888889,"mild","Female",13.2407664786636,20.3424405727966,9.62671377204702,0.130466361199035,0.483756713861715,1.45306349362912,5.13347022587269,7.99835011611954,0.229549061628543,7.69591505183647,5.27157619709582,2.30709967005544,6.74292796489524,7.05612407255431,1.99725325338737,2.01735139933341,14.2
"142",8,145,7483.44594594594,2894.93243243243,321.959459459459,352.027027027027,468.918918918919,15573.9864864865,2580.74324324324,685.810810810811,53.3783783783784,339.527027027027,197.297297297297,57.7702702702703,99.6621621621622,161.486486486486,1398.64864864865,514.527027027027,364.189189189189,4221.62162162162,28991.8918918919,46527.7027027027,6728.37837837838,218900,614.527027027027,"severe","Female",7.28794326241135,16.3160756501182,6.47990543735225,0.488179669030733,0.416548463356974,1.50874704491726,3.10472813238771,7.0210401891253,0.798581560283688,6.40679911335481,5.11883820975685,1.19532073377016,5.67880490430308,7.33057538171876,0.864516564587451,0.0596347651928003,15
"143",8,146,2686.24535315985,0,0,141.635687732342,0,2349.07063197026,1455.39033457249,512.639405204461,78.0669144981413,49.4423791821561,78.8104089219331,15.2416356877323,0,44.2379182156134,128.252788104089,0,130.855018587361,1379.55390334572,13189.9628252788,3889.21933085502,807.063197026022,38189.9628252788,250.92936802974,"severe","Female",6.35563218390805,11.5963218390805,7.45034482758621,0.032183908045977,0.318620689655172,0.490344827586207,2.86758620689655,3.04896551724138,0.00413793103448276,9.21718767423707,8.54811731033714,0.63227149388544,6.12125041816898,13.7252351038918,1.22031000260194,2.29565475969223,14.5
"144",8,147,4869.60784313725,163.071895424837,0,142.483660130719,0,2973.52941176471,1568.62745098039,558.496732026144,40.8496732026144,52.9411764705882,111.437908496732,25.8169934640523,3.26797385620915,65.359477124183,152.941176470588,0,115.032679738562,1052.61437908497,4222.22222222222,2127.12418300654,286.928104575163,22185.2941176471,329.738562091503,"mild","Female",6.17553444180523,10.7159144893112,7.50380047505938,0.0736342042755344,0.31686460807601,0.314726840855107,4.72232779097387,3.00190023752969,0.0320665083135392,8.59796438845399,0.0163184617751689,8.54947524489349,6.14366773746859,4.57196674763732,1.03971913596076,3.30658659741422,17.8
"145",8,148,5638.67924528302,0,0,220.440251572327,0,1147.79874213836,1324.21383647799,212.578616352201,42.4528301886792,32.7044025157233,55.9748427672956,12.8930817610063,11.0062893081761,24.5283018867925,172.012578616352,0,122.012578616352,877.044025157233,2737.4213836478,760.062893081761,160.691823899371,12520.1257861635,291.194968553459,"mild","Female",15.7473396465879,13.0186468807966,8.0005857658889,0.0117153177779947,0.28800156204237,0.468612711119789,1.54056428780631,3.43942204432295,0.00292882944449868,7.35620657546021,3.35649308788769,3.88797364085667,6.13566363441014,7.15994556263878,5.46665711625242,0.696225198767997,13.5
"146",8,149,4973.14410480349,2741.92139737991,387.554585152838,271.17903930131,615.065502183406,18095.1965065502,1588.86462882096,511.572052401747,25.3275109170306,207.860262008734,227.292576419214,53.2751091703057,59.825327510917,167.903930131004,798.908296943232,368.995633187773,475.982532751092,4065.50218340611,41845.8515283843,49120.0873362445,8413.97379912664,161891.703056769,449.344978165939,"severe","Female",16.3049881235154,22.3710213776722,9.08171021377672,0.460807600950119,0.553681710213777,2.74299287410926,5.69192399049881,9.99548693586698,0.683610451306413,7.14521731763111,6.01075997627722,1.01880877742947,4.45776497500635,8.91129373887995,0.748962128272473,1.95289333220368,14.7
"147",8,150,3391.80327868852,2266.93989071038,0,298.360655737705,663.661202185792,33213.3879781421,1948.63387978142,466.939890710382,49.7267759562842,281.693989071038,191.530054644809,29.2349726775956,46.448087431694,157.103825136612,427.868852459016,70.4918032786885,259.562841530055,3221.85792349727,25425.6830601093,45157.1038251366,4212.56830601093,113919.398907104,475.136612021858,"severe","Female",7.76758300879373,16.780329720366,7.37838985961065,0.141177907056606,0.380544412534563,0.514599830586511,2.7731919688849,7.72026933183422,0.202736562025432,7.25816268247235,6.21131679728831,0.954614830004588,8.35369907394402,3.87791791904267,0.57351798271487,1.54217815107166,16.6
