Lung_weight,Lung_weight_x_100,Mouse_ID,Day.x,Eotaxin (74),G-CSF (54),GM-CSF (73),IFNg (34),IL-10 (56),IL-12p40 (76),IL-12p70 (78),IL-13 (37),IL-17A (72),IL-1a (53),IL-1b (19),IL-2 (36),IL-3 (18),IL-4 (39),IL-5 (52),IL-6 (38),IL-9 (33),KC (57),MCP-1 (51),MIP-1B (75),MIP-1a (77),RANTES (55),TNFa (21),Day.y,BAL Cell counts,Hysteresis,BAL protein,Viral Burden,Days,Day 3,Day 4,Day 5,Day 7,Day 8
33.5,0.0335,1,0,2897.313433,0,0,234.9253731,21.79104478,631.641791,1629.552239,309.2537313,30.44776119,279.7014925,13.13432836,310.7462687,23.58208955,17.6119403,59.70149254,361.4925373,216.4179104,285.3731343,3271.343284,858.8059701,160.8955224,2040.597015,276.4179104,Day 0,60000,1.053153664,377.5,1.082706994,Day 0,148.4210526,153.6842105,160,171.5789474,0
38.1,0.0381,2,0,3728.08399,44.61942257,0,215.7480315,65.87926509,927.0341207,1643.044619,361.9422572,50.1312336,215.2230971,34.90813648,287.9265092,20.73490814,21.52230971,41.99475066,223.3595801,0,486.351706,4418.897638,973.2283465,149.0813648,7883.2021,329.3963255,Day 0,30000,1.165309512,222.5,1.178501638,Day 0,165.0943396,170.754717,169.8113208,174.5283019,0
31.5,0.0315,3,0,2432.698413,53.96825397,0,282.5396825,150.4761905,1070.793651,1941.269841,743.8095238,90.47619048,289.2063492,13.96825397,365.7142857,25.07936508,40.31746032,50.79365079,364.7619048,0,529.5238095,4101.587302,841.9047619,134.6031746,4070.15873,501.2698413,Day 0,30000,1.14584578,163.75,0.786897116,Day 0,130.0884956,133.6283186,134.5132743,145.1327434,0
33.4,0.0334,4,0,2717.664671,50.89820359,0,194.3113772,120.6586826,1757.784431,1917.964072,412.8742515,68.56287425,116.1676647,22.15568862,157.1856287,17.96407186,44.61077844,35.62874251,330.5389222,0,382.3353293,3868.263473,1335.02994,218.8622754,6751.197605,277.245509,Day 0,20000,0.926685761,137.9166667,1.259157199,Day 0,143.8095238,141.9047619,149.5238095,161.9047619,0
50.9,0.0509,6,0,2690.962672,33.39882122,0,273.0844794,0,1241.453831,1115.520629,580.3536346,26.52259332,248.7229862,43.02554028,372.8880157,11.78781925,20.62868369,23.37917485,126.5225933,408.0550098,450.4911591,3600.785855,649.1159136,90.37328094,4265.618861,404.3222004,Day 0,40000,1.133704868,186.25,1.092096898,Day 0,107.5,116.875,111.875,112.5,0
27.9,0.0279,7,0,3147.311828,285.6630824,0,367.3835125,287.8136201,1308.243728,2400.358423,839.7849462,88.53046595,349.8207885,37.27598566,412.9032258,34.76702509,45.51971326,57.34767025,462.3655914,0,970.609319,5059.856631,2111.111111,262.0071685,29765.5914,507.8853047,Day 0,70000,1.289670759,175,1.150831757,Day 0,112.9032258,116.7741935,123.2258065,132.9032258,0
38.6,0.0386,8,0,2792.746114,129.2746114,0,186.0103627,0,1423.57513,1205.440415,357.253886,38.60103627,289.119171,34.45595855,226.1658031,13.21243523,21.24352332,20.20725389,171.761658,0,701.5544041,4227.46114,801.5544041,162.9533679,7555.699482,282.642487,Day 0,70000,1.453568767,122.5,1.128057212,Day 0,114.4827586,117.9310345,121.3793103,130.3448276,0
33.4,0.0334,9,0,2123.952096,50.89820359,0,173.3532934,0,1045.508982,1304.790419,793.7125749,93.71257485,233.8323353,35.32934132,286.8263473,26.34730539,31.43712575,59.88023952,152.0958084,0,351.1976048,1418.862275,861.3772455,137.7245509,12486.82635,448.502994,Day 0,30000,1.479076878,177.5,0.947392998,Day 0,114.3939394,118.1818182,121.2121212,128.030303,0
40.2,0.0402,10,0,3499.502488,42.28855721,0,135.0746269,0,442.2885572,1029.104478,425.1243781,63.93034826,154.2288557,18.4079602,100.2487562,14.92537313,14.67661692,39.80099502,160.199005,0,317.6616915,3792.537313,540.0497512,63.1840796,4569.900498,188.8059701,Day 0,50000,1.157004916,350,0.779279929,Day 0,108.3969466,110.6870229,113.740458,122.9007634,0
36.5,0.0365,11,0,3596.712329,0,0,139.1780822,0,1339.178082,1475.616438,283.8356164,30.4109589,158.630137,12.05479452,93.42465753,8.767123288,22.46575342,54.79452055,192.0547945,0,456.9863014,3188.767123,1120.821918,141.9178082,5745.753425,253.6986301,Day 0,60000,0.934451316,100.4166667,1.449622887,Day 0,115.6976744,119.7674419,122.0930233,125,0
27.7,0.0277,12,0,3891.696751,0,0,170.3971119,0,1458.844765,1144.404332,374.0072202,62.09386282,163.5379061,15.88447653,145.4873646,14.80144404,12.63537906,42.96028881,154.5126354,0,345.1263538,3142.599278,690.2527076,110.4693141,5879.061372,393.8628159,Day 0,90000,0.845444199,334.5833333,0.857867511,Day 0,112.9496403,117.2661871,118.705036,124.4604317,0
39.9,0.0399,13,0,1393.483709,0,0,0,0,165.6641604,547.6190476,0,0,69.4235589,0,53.13283208,0,0,0,96.9924812,0,196.2406015,0,575.4385965,119.7994987,5987.468672,13.28320802,Day 0,140000,1.222660264,124.5833333,0.607656159,Day 0,111.5384615,113.7362637,116.4835165,121.4285714,0
31.7,0.0317,14,0,3618.611987,0,0,137.5394322,0,1200.946372,1188.328076,435.0157729,63.09148265,171.6088328,32.80757098,146.3722397,18.92744479,18.61198738,50.47318612,160.2523659,0,584.5425868,4075.709779,799.6845426,129.022082,7504.100946,344.1640379,Day 0,80000,1.686859612,114.1666667,NA,Day 0,115.5440415,116.5803109,119.1709845,119.6891192,0
35.4,0.0354,15,0,1770.621469,0,0,102.259887,0,885.5932203,1147.740113,292.6553672,35.31073446,78.24858757,3.672316384,113.8418079,11.5819209,2.824858757,22.03389831,162.9943503,0,270.0564972,278.8135593,0,56.49717514,3426.271186,261.5819209,Day 0,50000,0.987845011,270.8333333,NA,Day 0,104.6666667,108,110,115.3333333,0
31.9,0.0319,16,3,4989.341693,508.1504702,298.7460815,1210.658307,520.6896552,1242.319749,2281.191223,3331.034483,73.04075235,615.0470219,121.0031348,2067.398119,18.80877743,98.7460815,271.1598746,434.169279,2196.551724,899.3730408,2728.840125,1453.918495,119.1222571,4488.401254,1565.203762,Day 3,50000,1.433411711,198.3333333,2353.0959,Day 3,116.9230769,0,0,0,0
31.7,0.0317,17,3,3166.876972,107.2555205,0,248.2649842,0,1274.763407,2249.842271,435.0157729,63.09148265,208.2018927,18.61198738,193.6908517,27.76025237,33.12302839,56.78233438,256.7823344,0,892.4290221,7575.394322,3145.425868,522.3974763,10658.04416,447.0031546,Day 3,170000,1.724265826,121.25,184988.4639,Day 3,114.556962,0,0,0,0
37.7,0.0377,18,3,1968.965517,499.204244,0,280.9018568,0,2115.384615,1350.928382,365.7824934,44.56233422,200,42.97082228,261.5384615,20.95490716,27.85145889,74.53580902,353.5809019,118.0371353,1652.519894,17528.11671,3344.562334,1013.793103,8284.880637,332.8912467,Day 3,110000,1.355150928,360.4166667,4616685.53,Day 3,105.2287582,0,0,0,0
47.2,0.0472,19,3,3270.974576,137.9237288,0,451.9067797,0,905.2966102,1048.09322,1053.813559,50.42372881,307.4152542,34.3220339,585.1694915,16.73728814,26.90677966,33.89830508,124.1525424,1412.288136,607.8389831,4828.389831,1056.355932,188.9830508,6586.864407,569.4915254,Day 3,150000,0.951247786,371.25,4032918.485,Day 3,121.8487395,0,0,0,0
31,0.031,20,3,4049.354839,607.0967742,0,667.7419355,130,2725.16129,1784.516129,2475.806452,52.58064516,424.516129,88.70967742,866.7741935,25.48387097,48.06451613,77.74193548,543.2258065,1287.741935,2292.580645,27273.22581,3606.129032,793.5483871,10450.96774,1117.419355,Day 3,300000,1.101010661,186.6666667,108701320.8,Day 3,120.1298701,0,0,0,0
37,0.037,21,3,3849.459459,254.3243243,0,198.9189189,0,2391.081081,1098.108108,372.7027027,66.75675676,203.7837838,24.05405405,108.9189189,16.21621622,15.94594595,43.24324324,181.8918919,0,860.2702703,10242.16216,3437.837838,714.0540541,11429.45946,339.1891892,Day 3,280000,1.399282383,177.0833333,22560728.7,Day 3,114.0350877,0,0,0,0
44.3,0.0443,22,3,2602.934537,511.2866817,0,741.5349887,362.7539503,3769.751693,1511.738149,1309.706546,41.08352144,420.0902935,81.03837472,915.3498871,24.15349887,54.85327314,76.74943567,438.8261851,1554.401806,1333.634312,20574.4921,8001.580135,1876.523702,12679.00677,886.2302483,Day 3,60000,1.448183543,216.6666667,2530147.181,Day 3,112.7906977,0,0,0,0
29.8,0.0298,23,3,4365.436242,167.4496644,0,252.6845638,0,984.5637584,1856.375839,462.7516779,57.71812081,253.0201342,24.83221477,312.0805369,20.13422819,19.79865772,53.69127517,459.0604027,0,1343.288591,12315.77181,3091.610738,532.885906,10942.95302,366.1073826,Day 3,100000,0.809156488,319.1666667,359561736.3,Day 3,112.5,0,0,0,0
25.2,0.0252,24,3,2478.174603,1289.68254,0,257.5396825,28.96825397,4009.920635,1582.936508,411.1111111,46.03174603,325.3968254,52.77777778,543.2539683,8.73015873,0,95.63492063,921.8253968,102.3809524,2083.730159,28808.33333,5834.52381,1200.396825,10481.34921,432.9365079,Day 3,290000,1.016119348,344.1666667,5264821.742,Day 3,110.1449275,0,0,0,0
36.7,0.0367,25,3,3673.569482,46.32152589,0,324.7956403,19.89100817,1568.93733,1407.629428,509.5367847,57.22070845,329.7002725,32.15258856,343.5967302,16.34877384,34.60490463,43.59673025,206.5395095,524.7956403,919.346049,10644.95913,2184.741144,467.5749319,4484.196185,473.8419619,Day 3,230000,0.860953447,343.3333333,81156363.55,Day 3,116.9934641,0,0,0,0
31.1,0.0311,26,3,4081.028939,728.2958199,0,788.1028939,217.0418006,2127.33119,1825.723473,1644.051447,74.91961415,579.0996785,106.4308682,1327.009646,19.2926045,33.76205788,90.35369775,436.977492,1645.337621,1072.66881,12747.26688,5296.463023,919.6141479,5960.128617,964.3086817,Day 3,110000,1.155668447,240.8333333,196504343.9,Day 3,119.6969697,0,0,0,0
30.6,0.0306,27,3,1816.993464,111.1111111,0,223.5294118,0,411.1111111,1760.130719,338.5620915,56.20915033,211.4379085,24.18300654,456.2091503,16.66666667,26.79738562,52.2875817,250.6535948,0,450.3267974,2844.771242,1427.777778,236.6013072,5151.633987,410.130719,Day 3,40000,1.308164211,417.9166667,273555.3643,Day 3,109.4594595,0,0,0,0
28.5,0.0285,28,3,3485.964912,59.64912281,0,359.6491228,0,2605.964912,1709.824561,599.6491228,57.19298246,315.0877193,25.96491228,345.9649123,17.89473684,20.70175439,27.36842105,185.2631579,43.85964912,774.3859649,9110.526316,1867.719298,552.6315789,8810.526316,382.8070175,Day 3,820000,1.147982414,206.6666667,1413514.508,Day 3,114.6496815,0,0,0,0
38,0.038,29,3,3172.105263,1012.368421,0,207.1052632,0,3690.526316,1378.684211,534.2105263,67.63157895,239.7368421,42.63157895,138.1578947,20.78947368,24.73684211,42.10526316,696.5789474,0,2349.736842,29881.05263,4628.421053,1216.315789,7534.210526,372.8947368,Day 3,430000,1.016997473,732.9166667,97994735.38,Day 3,110.4166667,0,0,0,0
43.5,0.0435,30,3,3434.482759,59.08045977,0,220.2298851,0,1123.678161,1052.643678,317.0114943,41.83908046,215.4022989,17.01149425,134.2528736,13.79310345,8.045977011,36.7816092,154.7126437,0,641.1494253,6227.356322,940.4597701,219.3103448,3710.574713,307.1264368,Day 3,260000,1.1110075,178.3333333,321539.5646,Day 3,120.2797203,0,0,0,0
42.2,0.0422,31,4,7813.033175,288.8625592,0,667.0616114,17.2985782,2656.161137,1172.274882,909.478673,54.26540284,365.6398104,51.8957346,583.1753555,14.21800948,24.88151659,47.39336493,311.8483412,1317.772512,1032.938389,12140.52133,3360.189573,824.6445498,14212.08531,636.9668246,Day 4,70000,1.144907604,166.25,4121979.696,Day 4,136.6666667,140.8333333,0,0,0
37.9,0.0379,32,4,6560.686016,210.2902375,0,646.701847,0,983.6411609,1555.672823,1530.870712,62.79683377,337.4670185,61.47757256,774.6701847,20.84432718,39.31398417,63.5883905,212.4010554,1279.94723,627.4406332,4576.253298,1176.51715,158.3113456,12084.43272,709.2348285,Day 4,50000,1.422493438,76.25,2.426123397,Day 4,139.1304348,137.6811594,0,0,0
33.4,0.0334,33,4,7291.916168,149.4011976,0,214.9700599,0,2896.706587,1612.57485,310.1796407,45.80838323,225.748503,22.15568862,183.8323353,17.96407186,24.5508982,35.62874251,249.1017964,0,1088.922156,6698.203593,1857.185629,461.3772455,18702.09581,424.251497,Day 4,140000,1.20415264,189.5833333,453276318.5,Day 4,133.3333333,135.7723577,0,0,0
28.1,0.0281,34,4,4650.533808,177.5800712,0,218.5053381,0,2008.896797,1655.871886,368.683274,101.4234875,282.5622776,37.01067616,165.1245552,18.14946619,12.45551601,85.76512456,424.5551601,0,1526.33452,14513.16726,2179.715302,449.4661922,5443.772242,329.5373665,Day 4,510000,0.832948596,599.1666667,940677604.4,Day 4,139.3617021,139.3617021,0,0,0
26.9,0.0269,35,4,4784.758364,602.6022305,0,273.605948,0,2390.334572,1620.074349,754.6468401,105.9479554,456.8773234,81.41263941,303.3457249,15.24163569,39.03345725,59.4795539,553.5315985,0,3178.438662,18680.66914,2558.364312,572.8624535,3182.527881,466.5427509,Day 4,90000,0.864531509,486.6666667,2541519617,Day 4,150,142.8571429,0,0,0
43.4,0.0434,36,4,4323.963134,114.9769585,0,212.9032258,0,1761.981567,1207.142857,317.7419355,37.55760369,147.4654378,23.96313364,100,9.447004608,31.79723502,46.08294931,137.3271889,0,750.921659,3996.313364,2438.479263,432.4884793,12664.51613,289.1705069,Day 4,70000,0.810908137,392.5,29868742.38,Day 4,113.5338346,116.5413534,0,0,0
29.1,0.0291,37,4,3955.670103,171.4776632,0,198.9690722,0,2915.80756,1548.453608,473.8831615,86.59793814,321.9931271,30.58419244,117.1821306,20.6185567,28.17869416,54.98281787,317.5257732,0,1093.814433,7395.189003,1274.226804,349.1408935,4827.147766,318.2130584,Day 4,160000,0.735459584,390.8333333,2051129560,Day 4,111.965812,113.6752137,0,0,0
52.7,0.0527,38,4,3002.087287,178.5578748,0,139.658444,0,2361.669829,938.7096774,196.5844402,27.32447818,120.113852,19.73434535,99.62049336,18.40607211,11.19544592,37.95066414,171.9165085,0,1526.755218,12697.53321,2945.540797,817.0777989,19566.22391,238.1404175,Day 4,430000,1.308144213,259.5833333,463738435.5,Day 4,114.2011834,117.7514793,0,0,0
37.4,0.0374,39,4,3313.903743,45.45454545,0,340.9090909,0,543.315508,1145.721925,542.7807487,58.55614973,267.6470588,35.56149733,278.342246,16.04278075,28.07486631,53.47593583,141.1764706,0,543.315508,3454.545455,1017.379679,157.486631,7836.898396,464.973262,Day 4,70000,1.209205493,227.9166667,10598.73003,Day 4,108.7248322,109.3959732,0,0,0
27.8,0.0278,40,4,5137.410072,4798.920863,0,320.1438849,438.4892086,8006.834532,2930.215827,496.0431655,78.77697842,859.352518,108.9928058,166.9064748,48.20143885,45.68345324,122.3021583,1229.136691,0,9622.302158,82976.97842,9534.532374,4037.05036,26255.7554,683.0935252,Day 4,1010000,0.974458793,364.1666667,517391318.6,Day 4,111.9205298,110.5960265,0,0,0
35,0.035,41,4,8056.571429,500.5714286,366.8571429,273.7142857,0,3293.714286,1934,296,62.57142857,249.1428571,29.71428571,150,22.57142857,26.85714286,57.14285714,320.5714286,127.1428571,842.2857143,7844.857143,2330,453.7142857,15698,358.5714286,Day 4,130000,1.349329886,184.1666667,26750144.92,Day 4,108.8607595,108.2278481,0,0,0
32.8,0.0328,42,4,7085.365854,242.9878049,0,276.5243902,122.8658537,1812.5,2593.597561,570.1219512,101.2195122,221.9512195,40.54878049,178.0487805,35.36585366,38.7195122,85.67073171,379.8780488,307.3170732,1153.658537,8258.841463,1747.256098,257.0121951,11875.60976,432.0121951,Day 4,40000,1.153486142,369.5833333,330.8454499,Day 4,111.7241379,112.4137931,0,0,0
34.3,0.0343,43,4,9602.915452,453.3527697,0,284.2565598,234.1107872,5891.836735,2543.440233,352.4781341,92.71137026,260.058309,42.85714286,187.4635569,23.03206997,61.80758017,99.12536443,478.7172012,309.0379009,893.877551,13543.73178,2996.793003,815.451895,19718.36735,341.9825073,Day 4,480000,0.64603022,330.4166667,1588439.078,Day 4,114.4827586,115.862069,0,0,0
9.5,0.0095,44,4,10871.57895,838.9473684,0,792.6315789,498.9473684,9729.473684,7430.526316,1451.578947,349.4736842,1134.736842,140,552.6315789,83.15789474,145.2631579,210.5263158,1255.789474,468.4210526,3186.315789,28514.73684,8868.421053,2088.421053,46858.94737,1662.105263,Day 4,NA,1.392501764,NA,5826304.516,Day 4,111.9496855,113.2075472,0,0,0
37.3,0.0373,45,4,3113.136729,326.8096515,0,238.6058981,295.9785523,1872.922252,2280.697051,544.2359249,77.74798928,302.4128686,27.88203753,148.5254692,35.92493298,56.83646113,96.51474531,343.4316354,0,1262.198391,8302.412869,2469.97319,356.0321716,12780.16086,466.2198391,Day 4,180000,1.033900324,274.5833333,223075154.4,Day 4,111.1888112,116.7832168,0,0,0
27.8,0.0278,46,5,4307.194245,413.6690647,0,283.0935252,310.7913669,3298.920863,2852.158273,243.1654676,61.8705036,323.0215827,47.84172662,111.1510791,61.51079137,53.5971223,122.3021583,791.3669065,0,1606.115108,11260.43165,5024.460432,847.8417266,24815.10791,567.9856115,Day 5,630000,1.240735563,494.1666667,34738.69858,Day 5,107.5757576,110.6060606,115.1515152,0,0
45.9,0.0459,47,5,7241.394336,205.0108932,207.6252723,266.8845316,302.3965142,2403.267974,2184.095861,372.3311547,68.19172113,178.6492375,47.7124183,114.379085,29.19389978,50.76252723,52.50544662,377.9956427,208.0610022,776.0348584,6746.840959,2996.732026,496.0784314,21216.55773,413.7254902,Day 5,60000,1.637620352,176.25,0.299469033,Day 5,110.6145251,113.9664804,115.0837989,0,0
20,0.02,48,5,4790.5,170,0,271.5,0,1627,2766,772.5,147,261.5,22,186,48.5,52.5,160,411.5,0,1189,493.5,1951,287.5,9240.5,627.5,Day 5,80000,1.189091579,114.1666667,1643427.115,Day 5,109.6774194,112.9032258,114.8387097,0,0
43.5,0.0435,49,5,2590.344828,248.5057471,0,173.1034483,0,1673.563218,1103.448276,238.1609195,47.12643678,118.6206897,17.01149425,63.67816092,22.29885057,24.13793103,27.35632184,243.6781609,0,895.1724138,5427.816092,1204.367816,225.7471264,5749.195402,174.4827586,Day 5,480000,1.37800904,256.25,550143.5093,Day 5,109.4674556,112.4260355,117.1597633,0,0
34.9,0.0349,50,5,3997.421203,142.9799427,0,98.56733524,0,2096.561605,1291.117479,193.6962751,38.68194842,83.66762178,21.2034384,20.91690544,22.63610315,13.46704871,51.57593123,259.5988539,0,504.5845272,4044.985673,1595.702006,220.6303725,8908.309456,265.3295129,Day 5,400000,1.339368257,145.8333333,4576.408598,Day 5,108.7179487,112.3076923,114.8717949,0,0
29.3,0.0293,51,5,4674.744027,686.0068259,0,221.5017065,0,3740.614334,1863.139932,470.6484642,60.40955631,288.7372014,74.7440273,72.35494881,26.96245734,27.98634812,75.42662116,407.1672355,0,2817.064846,14582.25256,6499.658703,1158.361775,10250.85324,316.0409556,Day 5,80000,1.034312749,187.5,2.86E-08,Day 5,112.4137931,118.6206897,120.6896552,0,0
39.4,0.0394,52,5,4237.055838,43.14720812,0,110.6598985,0,1866.497462,1478.172589,262.9441624,36.54822335,104.0609137,11.16751269,86.54822335,8.121827411,8.883248731,25.12690355,177.9187817,0,362.1827411,3279.187817,1802.284264,249.2385787,10681.9797,276.9035533,Day 5,40000,1.416900071,204.5833333,213778.1105,Day 5,108.0745342,111.8012422,116.1490683,0,0
41.3,0.0413,53,5,5948.184019,192.9782082,0,280.62954,60.7748184,807.2639225,1445.27845,529.5399516,53.02663438,250.1210654,39.2251816,292.0096852,25.90799031,30.75060533,53.51089588,165.1331719,647.2154964,655.6900726,5314.527845,1771.670702,222.5181598,18407.26392,421.0653753,Day 5,90000,0.807193685,294.5833333,7947.422302,Day 5,111.7647059,115.4411765,119.1176471,0,0
46.8,0.0468,54,5,2320.726496,0,0,0,0,2021.153846,1057.051282,221.3675214,21.79487179,68.8034188,9.401709402,52.35042735,0.427350427,0,7.692307692,78.20512821,0,434.1880342,2760.683761,952.7777778,138.034188,10583.11966,162.1794872,Day 5,90000,1.358972138,119.5833333,232491.6422,Day 5,114.1935484,121.2903226,119.3548387,0,0
35.7,0.0357,55,5,2973.669468,47.61904762,0,162.1848739,0,4435.294118,1508.683473,290.1960784,37.81512605,160.2240896,12.32492997,49.85994398,6.162464986,9.803921569,67.5070028,180.3921569,0,912.8851541,4570.868347,1038.655462,157.1428571,6691.876751,259.3837535,Day 5,210000,1.386489349,209.1666667,12085.27025,Day 5,117.2972973,118.9189189,120,0,0
27.4,0.0274,56,5,2756.934307,0,0,105.1094891,0,2333.211679,1751.824818,378.1021898,55.83941606,78.46715328,4.744525547,52.55474453,21.89781022,0,28.46715328,178.1021898,0,263.5036496,0,1205.839416,214.9635036,12339.41606,277.0072993,Day 5,70000,1.306492957,309.1666667,7208840.093,Day 5,107.3619632,107.3619632,107.9754601,0,0
38.5,0.0385,57,5,4783.116883,937.6623377,0,213.5064935,240.5194805,18830.90909,1814.805195,608.5714286,37.4025974,330.3896104,146.4935065,151.6883117,49.09090909,60.51948052,98.7012987,1019.220779,288.3116883,2711.688312,49747.53247,19135.06494,3718.181818,60328.83117,283.3766234,Day 5,880000,1.218947334,466.6666667,1685990412,Day 5,114.3884892,118.705036,117.9856115,0,0
37.6,0.0376,58,5,7654.521277,3548.138298,411.7021277,334.5744681,339.3617021,18531.91489,2166.489362,539.893617,48.40425532,778.7234043,160.6382979,139.6276596,33.24468085,56.38297872,178.7234043,2140.425532,295.212766,14557.44681,56445.21277,16723.1383,3006.914894,30451.59574,419.9468085,Day 5,90000,1.375343404,160,18903781.83,Day 5,110.9677419,117.4193548,117.4193548,0,0
30.6,0.0306,59,5,6078.431373,0,0,136.2745098,0,3395.424837,1568.627451,450.6535948,74.83660131,110.130719,24.18300654,151.6339869,25.81699346,19.28104575,52.2875817,185.2941176,0,763.0718954,4982.352941,1367.647059,213.3986928,18880.71895,302.6143791,Day 5,70000,1.522849741,89.58333333,68831.15866,Day 5,113.836478,119.4968553,117.6100629,0,0
29.6,0.0296,60,5,4234.121622,168.5810811,0,219.2567568,271.2837838,11503.37838,2065.878378,465.8783784,67.56756757,169.5945946,44.93243243,136.1486486,17.22972973,27.7027027,67.56756757,293.5810811,0,2061.486486,10462.16216,7134.121622,2425.675676,22949.32432,256.4189189,Day 5,60000,1.040952825,225,43979.92169,Day 5,112.9496403,118.705036,122.3021583,0,0
45,0.045,61,8,12058.44444,1831.777778,211.7777778,212.8888889,150,7994.222222,1180.666667,451.1111111,32,387.1111111,155.3333333,110,21.55555556,114.2222222,526.6666667,926.8888889,187.5555556,5044.888889,13097.77778,11284.88889,1466.888889,56136.66667,260.6666667,Day 8,12500,1.361852674,532.0833333,2.395061845,Day 8,121.6049383,122.8395062,127.7777778,135.8024691,137.037037
45.8,0.0458,62,8,3735.371179,1656.550218,0,186.8995633,202.1834061,5023.799127,1430.349345,373.1441048,23.1441048,186.2445415,114.1921397,94.75982533,21.1790393,32.53275109,95.85152838,310.0436681,0,1955.895197,18618.55895,14798.9083,2788.209607,46276.20087,274.0174672,Day 8,47500,1.070403327,877.0833333,284802.4939,Day 8,110.3448276,113.1034483,114.4827586,124.8275862,122.0689655
40,0.04,63,8,7726.25,1522.25,321,314.5,374.5,6805.25,1837.25,507.5,31.25,382.5,290.75,168,40.5,42.5,60.25,836.5,348,5494.25,35698.25,40382.25,7634.5,102754.75,394.75,Day 8,57500,1.044432273,2086.25,1496.7996,Day 8,116.4179104,120.8955224,126.8656716,123.880597,129.8507463
30.1,0.0301,64,8,4511.627907,1929.568106,0,329.2358804,774.0863787,4181.727575,2417.607973,458.1395349,60.46511628,349.5016611,146.5116279,232.8903654,41.5282392,56.47840532,66.44518272,788.0398671,280.3986711,1941.196013,56744.51827,81391.69435,19425.24917,35418.27243,470.7641196,Day 8,37500,0.562191751,1745.416667,5714451.586,Day 8,116.3120567,107.0921986,107.0921986,99.29078014,95.03546099
32.5,0.0325,65,8,4118.153846,52.30769231,0,178.1538462,0,1480.307692,1612,318.7692308,60.30769231,130.4615385,40.92307692,65.23076923,29.84615385,0,61.53846154,147.0769231,0,1061.538462,1014.769231,1079.692308,185.8461538,11253.23077,284.9230769,Day 8,12500,1.940095575,120.8333333,38775.64481,Day 8,115.2542373,118.079096,119.7740113,132.7683616,136.1581921
28.9,0.0289,66,8,13984.08304,3449.134948,0,435.2941176,1007.612457,31249.13495,2668.16609,917.3010381,67.8200692,688.9273356,393.4256055,321.799308,71.97231834,87.88927336,417.9930796,1179.584775,526.9896194,4810.726644,41477.50865,26762.97578,5318.685121,168738.4083,657.0934256,Day 8,NA,1.093384326,NA,3191139.577,Day 8,109.3959732,110.0671141,114.0939597,124.1610738,126.8456376
33.9,0.0339,67,8,3478.761062,50.14749263,0,170.7964602,74.04129794,3702.359882,1760.766962,406.7846608,50.73746313,56.34218289,21.82890855,118.879056,17.69911504,17.40412979,35.10324484,269.9115044,0,464.0117994,2567.846608,1942.182891,257.8171091,17080.82596,370.2064897,Day 8,22500,1.037644945,246.6666667,214.7142892,Day 8,111.71875,115.625,119.53125,133.59375,133.59375
34.2,0.0342,68,8,3850,49.70760234,0,200,0,3038.011696,1489.181287,302.9239766,25.43859649,96.49122807,47.36842105,99.70760234,23.0994152,2.923976608,46.78362573,154.3859649,0,731.871345,2027.192982,1880.994152,246.4912281,35147.36842,221.9298246,Day 8,7500,1.02540436,341.6666667,154.1840299,Day 8,108.3333333,108.3333333,112.1794872,126.9230769,128.2051282
45,0.045,69,8,5537.333333,933.3333333,0,144.2222222,89.55555556,4124.666667,1148,306.4444444,32,202.4444444,110.2222222,61.55555556,25.77777778,18.22222222,71.11111111,443.1111111,57.33333333,2220,12337.33333,8324.666667,1307.777778,50795.11111,278.8888889,Day 8,NA,1.120034518,381.6666667,0.852610164,Day 8,124.6478873,130.9859155,138.028169,145.7746479,144.3661972
29.6,0.0296,70,8,7483.445946,2894.932432,321.9594595,352.027027,468.9189189,15573.98649,2580.743243,685.8108108,53.37837838,364.1891892,339.527027,197.2972973,57.77027027,99.66216216,161.4864865,1398.648649,514.527027,4221.621622,28991.89189,46527.7027,6728.378378,218900,614.527027,Day 8,65000,0.582617829,897.9166667,607894.6465,Day 8,114,114.6666667,115.3333333,114,117.3333333
26.9,0.0269,71,8,2686.245353,0,0,141.6356877,0,2349.070632,1455.390335,512.6394052,78.0669145,130.8550186,49.44237918,78.81040892,15.24163569,0,44.23791822,128.2527881,0,1379.553903,13189.96283,3889.219331,807.063197,38189.96283,250.929368,Day 8,10000,0.869434129,874.1666667,272468880,Day 8,110.3448276,109.6551724,115.862069,119.3103448,117.2413793
30.6,0.0306,72,8,4869.607843,163.0718954,0,142.4836601,0,2973.529412,1568.627451,558.496732,40.8496732,115.0326797,52.94117647,111.4379085,25.81699346,3.267973856,65.35947712,152.9411765,0,1052.614379,4222.222222,2127.124183,286.9281046,22185.29412,329.7385621,Day 8,2500,1.57125901,256.6666667,0.170834909,Day 8,113.4831461,115.7303371,120.7865169,127.5280899,129.2134831
31.8,0.0318,73,8,5638.679245,0,0,220.4402516,0,1147.798742,1324.213836,212.5786164,42.45283019,122.0125786,32.70440252,55.97484277,12.89308176,11.00628931,24.52830189,172.0125786,0,877.0440252,2737.421384,760.0628931,160.6918239,12520.12579,291.1949686,Day 8,2500,1.469613043,121.6666667,0.645408529,Day 8,114.8148148,117.7777778,121.4814815,133.3333333,137.037037
45.8,0.0458,74,8,4973.144105,2741.921397,387.5545852,271.1790393,615.0655022,18095.19651,1588.864629,511.5720524,25.32751092,475.9825328,207.860262,227.2925764,53.27510917,59.82532751,167.9039301,798.9082969,368.9956332,4065.502183,41845.85153,49120.08734,8413.973799,161891.7031,449.3449782,Day 8,27500,0.906758402,1790.416667,275074.8341,Day 8,119.7278912,123.8095238,128.5714286,121.7687075,121.0884354
36.6,0.0366,75,8,3391.803279,2266.939891,0,298.3606557,663.6612022,33213.38798,1948.63388,466.9398907,49.72677596,259.5628415,281.6939891,191.5300546,29.23497268,46.44808743,157.1038251,427.8688525,70.49180328,3221.857923,25425.68306,45157.10383,4212.568306,113919.3989,475.136612,Day 8,67500,1.038591176,1588.333333,24963900.8,Day 8,105.4216867,104.8192771,109.6385542,106.626506,109.6385542
NA,NA,5,NA,NA,NA,NA,NA,NA,NA,NA,NA,NA,NA,NA,NA,NA,NA,NA,NA,NA,NA,NA,NA,NA,NA,NA,Day 0,NA,NA,NA,NA,NA,NA,NA,NA,NA,NA
